system:time_start,2017,2018,2019,2020,2021,2022,2017_interpolate,2018_interpolate,2019_interpolate,2020_interpolate,2021_interpolate,2022_interpolate,2017_phenology,2018_phenology,2019_phenology,2020_phenology,2021_phenology,2022_phenology
01-01,,,,,,,,,,,,,,,,,,
01-02,,,,,,,,,,,,,,,,,,
01-03,,,,,,,,,,,,,,,,,,
01-04,,,,,,,,,,,,,,,,,,
01-05,,,,,,,,,,,,,,,,,,
01-06,,,,,,,,,,,,,,,,,,
01-07,,,,,,,,,,,,,,,,,,
01-08,,,,,,,,,,,,,,,,,,
01-09,,,,,,,,,,,,,,,,,,
01-10,,,,,,,,,,,,,,,,,,
01-11,,,,,,,,,,,,,,,,,,
01-12,,,,,,,,,,,,,,,,,,
01-13,,,,,,,,,,,,,,,,,,
01-14,,,,,,,,,,,,,,,,,,
01-15,,,,,,,,,,,,,,,,,,
01-16,,,,,,,,,,,,,,,,,,
01-17,,,,,,,,,,,,,,,,,,
01-18,,,,,,,,,,,,,,,,,,
01-19,,,,,,,,,,,,,,,,,,
01-20,,,,,,,,,,,,,,,,,,
01-21,,,,,,,,,,,,,,,,,,
01-22,,,,,,,,,,,,,,,,,,
01-23,,,,,,,,,,,,,,,,,,
01-24,,,,,,,,,,,,,,,,,,
01-25,,,,,,,,,,,,,,,,,,
01-26,,,,,,,,,,,,,,,,,,
01-27,,,,,,,,,,,,,,,,,,
01-28,,,,,,,,,,,,,,,,,,
01-29,,,,,,,,,,,,,,,,,,
01-30,,,,,,,,,,,,,,,,,,
01-31,,,,,,,,,,,,,,,,,,
02-01,,,,,,,,,,,,,,,,,,
02-02,,,,,0.3224375,,,,,,0.3224375,,,,,,,
02-03,,,0.5319222222222222,,,,,,0.5319222222222222,,,,,,,,,
02-04,0.4198875,,,0.5492,,0.5430333333333334,0.4198875,,0.5454333333333333,0.5492,0.5601854166666667,0.5430333333333334,,,,,,
02-05,0.5707222222222222,,0.5589444444444445,,0.7979333333333334,,0.5707222222222222,,0.5589444444444445,,0.7979333333333334,0.6175666666666667,,,,,,
02-06,,0.867376923076923,0.9145944444444444,,,0.6921,0.6508277777777778,0.867376923076923,0.9145944444444444,0.7021138888888889,0.5920510416666667,0.6921,,,,,,
02-07,0.7309333333333333,0.54298,,0.8550277777777777,,0.5869875,0.7309333333333333,0.54298,0.760186111111111,0.8550277777777777,0.6239166666666667,0.5869875,,,,,,
02-08,0.87415,0.5226777777777778,0.6057777777777777,,,0.8326777777777777,0.87415,0.5226777777777778,0.6057777777777777,0.8768638888888889,0.7979333333333334,0.8326777777777777,,,,,,
02-09,0.6845,0.7164384615384616,,,0.4498999999999999,0.8503733333333333,0.6845,0.7164384615384616,0.543280065359477,0.8691555555555555,0.4498999999999999,0.8503733333333333,,,,,,
02-10,0.8223777777777778,,0.4807823529411764,0.8986999999999999,0.8804777777777778,0.8286,0.8223777777777778,0.7164384615384616,0.4807823529411764,0.8986999999999999,0.8804777777777778,0.8286,,,,,,
02-11,0.8282642857142857,,,,0.8566111111111111,0.83187,0.8282642857142857,0.755199592999593,0.5832286764705882,0.8537388888888888,0.8566111111111111,0.83187,,,,,,
02-12,0.8359277777777778,0.7758888888888889,0.685675,0.8087777777777778,0.8570666666666666,0.7924666666666667,0.8359277777777778,0.7758888888888889,0.685675,0.8087777777777778,0.8570666666666666,0.7924666666666667,,,,,,
02-13,0.8573928571428572,0.7732714285714286,0.83535,0.8659857142857142,0.90075,0.8387375,0.8573928571428572,0.7732714285714286,0.83535,0.8659857142857142,0.90075,0.8387375,,,,,,
02-14,,0.8292625,,0.8404555555555555,0.8530444444444445,0.6580555555555555,0.8223777777777778,0.8292625,0.8257,0.8404555555555555,0.8530444444444445,0.6580555555555555,,,,,,
02-15,,0.811,0.8160499999999999,0.62272,0.8586055555555555,,0.8204774665421725,0.811,0.8160499999999999,0.62272,0.8586055555555555,0.7296008333333333,,,,,,
02-16,,,0.8024,,0.7179222222222222,,0.7935222222222222,0.817996875,0.8024,0.8303666666666667,0.7179222222222222,0.6722666666666666,,,,,,
02-17,,0.82499375,0.8513777777777778,,,,0.7751982958995564,0.82499375,0.8513777777777778,0.7656688888888888,0.7696916666666667,0.7337469444444444,,,,,,
02-18,0.7681117647058824,,0.8567666666666667,0.8303666666666667,0.8214611111111111,0.6864777777777777,0.7681117647058824,0.817996875,0.8567666666666667,0.8303666666666667,0.8214611111111111,0.6864777777777777,,,,,,
02-19,0.7935222222222222,,0.85685,0.84392,0.710809090909091,0.7985222222222222,0.7935222222222222,0.7559145833333334,0.85685,0.84392,0.710809090909091,0.7985222222222222,,,,,,
02-20,0.6824307692307692,0.6193166666666666,0.8404833333333334,0.51735,,0.8534125,0.6824307692307692,0.6193166666666666,0.8404833333333334,0.51735,0.8214611111111111,0.8534125,,,,,,
02-21,,0.8234333333333334,0.8597333333333333,0.8178777777777778,,0.7663,0.7109307692307691,0.8234333333333334,0.8597333333333333,0.8178777777777778,0.8047782154882155,0.7663,,,,,,
02-22,0.7394307692307692,0.8487333333333333,,0.8577400000000001,0.8394055555555555,0.8427125,0.7394307692307692,0.8487333333333333,0.8578600000000001,0.8577400000000001,0.8394055555555555,0.8427125,,,,,,
02-23,,0.8003375,0.8559866666666667,0.8363833333333333,0.86412,,0.7977903846153847,0.8003375,0.8559866666666667,0.8363833333333333,0.86412,0.8232562499999998,,,,,,
02-24,0.85615,,0.8329230769230769,0.8580941176470588,0.6572888888888889,,0.85615,0.8215076388888889,0.8329230769230769,0.8580941176470588,0.6572888888888889,0.8321895833333333,,,,,,
02-25,0.7057,0.8426777777777777,,,0.8139,,0.7057,0.8426777777777777,0.8329230769230769,0.8276748366013071,0.8139,0.8298245833333333,,,,,,
02-26,0.8463727272727273,0.5781444444444445,,0.7972555555555556,,0.8216666666666667,0.8463727272727273,0.5781444444444445,0.7873805494505494,0.7972555555555556,0.8394055555555555,0.8216666666666667,,,,,,
02-27,0.8369222222222222,0.4195,0.6722400000000001,0.8131625,,0.8308875,0.8369222222222222,0.4195,0.6722400000000001,0.8131625,0.7729055555555555,0.8308875,,,,,,
02-28,,0.7719117647058823,0.8569785714285715,0.8141555555555555,,,0.8369222222222222,0.7719117647058823,0.8569785714285715,0.8141555555555555,0.8475277777777778,0.8216666666666667,,,,,,
02-29,,,,0.776,,,0.7875792824074074,0.813933660130719,0.8441392857142858,0.776,0.8423176587301587,0.7435321296296297,,,,,,
03-01,0.80519375,0.8559555555555556,0.8313,0.7990333333333334,0.8475277777777778,0.54202,0.80519375,0.8559555555555556,0.8313,0.7990333333333334,0.8475277777777778,0.54202,,,,,,
03-02,,0.8483444444444445,,0.7283999999999999,0.8726333333333334,0.857688888888889,0.720621875,0.8483444444444445,0.8441392857142858,0.7283999999999999,0.8726333333333334,0.857688888888889,,,,,,
03-03,0.63605,,,0.81955,,0.8644555555555555,0.63605,0.8544597222222222,0.7998037037037037,0.81955,0.8714541666666666,0.8644555555555555,,,,,,
03-04,,0.860575,0.8716,,0.870275,,0.7926855906824656,0.860575,0.8716,0.85755,0.870275,0.7266134444444444,,,,,,
03-05,,,0.6965111111111111,0.8955500000000001,,,0.7875792824074074,0.860575,0.6965111111111111,0.8955500000000001,0.8726333333333334,0.7444527777777777,,,,,,
03-06,,,0.5768428571428571,,,,0.7447447916666666,0.9077430555555556,0.5768428571428571,0.86395,0.8728166666666667,0.7257326666666667,,,,,,
03-07,,,,,,0.62445,0.8775625,0.8839052287581699,0.7412384126984126,0.8851411764705882,0.8733319444444445,0.62445,,,,,,
03-08,,0.954911111111111,,0.83875,,0.74857,0.8088030715811966,0.954911111111111,0.7126936507936508,0.83875,0.8824895707070708,0.74857,,,,,,
03-09,,0.8688222222222222,,0.8851411764705882,,,0.8088030715811966,0.8688222222222222,0.785971746031746,0.8851411764705882,0.8824895707070708,0.6467350000000001,,,,,,
03-10,0.8775625,,0.8485444444444444,0.8755111111111111,0.8763888888888889,0.5449,0.8775625,0.8839052287581699,0.8485444444444444,0.8755111111111111,0.8763888888888889,0.5449,,,,,,
03-11,0.8835555555555555,0.8989882352941176,0.8951277777777777,0.888225,0.9050909090909092,0.8832785714285715,0.8835555555555555,0.8989882352941176,0.8951277777777777,0.888225,0.9050909090909092,0.8832785714285715,,,,,,
03-12,0.8626,0.6810666666666667,0.89665,,0.8873611111111112,0.8912466666666666,0.8626,0.6810666666666667,0.89665,0.8869458333333333,0.8873611111111112,0.8912466666666666,,,,,,
03-13,,0.9059,0.93175,0.8856666666666667,0.8854875,,0.7795461538461539,0.9059,0.93175,0.8856666666666667,0.8854875,0.8902983333333333,,,,,,
03-14,0.6964923076923076,0.9071125,0.8769666666666667,0.6787888888888889,0.89995,0.88935,0.6964923076923076,0.9071125,0.8769666666666667,0.6787888888888889,0.89995,0.88935,,,,,,
03-15,,0.9185666666666666,0.8912384615384615,0.7537666666666667,,,0.8413718589743588,0.9185666666666666,0.8912384615384615,0.7537666666666667,0.8989892857142857,0.8902983333333333,,,,,,
03-16,,,0.6840222222222222,0.882,0.8980285714285714,,0.8056444230769231,0.9120291666666668,0.6840222222222222,0.882,0.8980285714285714,0.894276923076923,,,,,,
03-17,,0.9054916666666668,0.8933714285714286,0.9603,,0.9050307692307692,0.7953586538461539,0.9054916666666668,0.8933714285714286,0.9603,0.9015942857142856,0.9050307692307692,,,,,,
03-18,,,0.835825,0.8892625,0.90516,0.88845,0.8413718589743588,0.9060202777777778,0.835825,0.8892625,0.90516,0.88845,,,,,,
03-19,,,,0.8930250000000001,0.8973222222222222,0.80613,0.894225,0.90054,0.8324898665223666,0.8930250000000001,0.8973222222222222,0.80613,,,,,,
03-20,0.894225,0.90054,,,,0.9156666666666666,0.894225,0.90054,0.8616852272727273,0.8580553571428572,0.900744074074074,0.9156666666666666,,,,,,
03-21,0.9133888888888888,0.5216888888888889,,,,0.8348722222222222,0.9133888888888888,0.5216888888888889,0.8723216818181818,0.8787,0.8993249999999999,0.8348722222222222,,,,,,
03-22,,0.9117222222222222,0.8875454545454545,0.7918785714285714,0.8997499999999999,0.8952,0.9073944444444444,0.9117222222222222,0.8875454545454545,0.7918785714285714,0.8997499999999999,0.8952,,,,,,
03-23,0.9014,0.90984,0.89898,0.8787,0.8993249999999999,0.8016888888888889,0.9014,0.90984,0.89898,0.8787,0.8993249999999999,0.8016888888888889,,,,,,
03-24,0.9047555555555556,0.9052,0.8775727272727273,,0.8879333333333334,,0.9047555555555556,0.9052,0.8775727272727273,0.8669476345083489,0.8879333333333334,0.8563051111111111,,,,,,
03-25,0.8969,0.8878125,,,,,0.8969,0.8878125,0.8969786868686868,0.8701,0.9008,0.8504844444444444,,,,,,
03-26,0.8967,,,,0.9136666666666666,,0.8967,0.8918173611111111,0.8781222222222222,0.8468928571428571,0.9136666666666666,0.8835169166666667,,,,,,
03-27,0.9064181818181818,0.8958222222222222,0.9143833333333332,,0.8844333333333334,0.89928,0.9064181818181818,0.8958222222222222,0.9143833333333332,0.8787,0.8844333333333334,0.89928,,,,,,
03-28,0.9111411764705882,,0.8781222222222222,,,0.9416875,0.9111411764705882,0.9102020833333334,0.8781222222222222,0.881009693877551,0.8901682539682542,0.9416875,,,,,,
03-29,0.90371,,,,,,0.90371,0.9042277777777776,0.8174444444444444,0.881009693877551,0.8844333333333334,0.92444375,,,,,,
03-30,0.8753555555555556,0.9429666666666668,0.7567666666666667,0.8701,,0.9072,0.8753555555555556,0.9429666666666668,0.7567666666666667,0.8701,0.8866111111111111,0.9072,,,,,,
03-31,,0.9042277777777776,0.9182555555555556,,,0.9119333333333334,0.8753555555555556,0.9042277777777776,0.9182555555555556,0.886575,0.8866111111111111,0.9119333333333334,,,,,,
04-01,,,,0.90305,0.8733,0.9041111111111112,0.8414777777777778,0.8984005555555555,0.8505599206349206,0.90305,0.8733,0.9041111111111112,,,,,,
04-02,0.8076,,0.7828642857142857,,0.9021,0.9141555555555556,0.8076,0.8816027777777777,0.7828642857142857,0.90305,0.9021,0.9141555555555556,,,,,,
04-03,,,0.8449266666666666,,0.9233166666666668,0.9010555555555556,0.8567071428571428,0.8931011111111111,0.8449266666666666,0.9082361111111112,0.9233166666666668,0.9010555555555556,,,,,,
04-04,,0.8589777777777777,0.8928666666666667,,0.897988888888889,0.6563111111111111,0.8567071428571428,0.8589777777777777,0.8928666666666667,0.9108291666666668,0.897988888888889,0.6563111111111111,,,,,,
04-05,0.9058142857142856,0.9171416666666666,,0.9134222222222222,0.9129117647058824,,0.9058142857142856,0.9171416666666666,0.8988805555555556,0.9134222222222222,0.9129117647058824,0.833364417989418,,,,,,
04-06,,,0.9048944444444444,0.9184055555555556,0.9178375,,0.8885944155844155,0.9035555555555556,0.9048944444444444,0.9184055555555556,0.9178375,0.831425,,,,,,
04-07,,,0.90584,,0.9083777777777776,,0.8885944155844155,0.8591638888888888,0.90584,0.9214502859477124,0.9083777777777776,0.7950675925925926,,,,,,
04-08,,0.9035555555555556,0.9073222222222224,,,,0.9098525974025974,0.9035555555555556,0.9073222222222224,0.9241263071895426,0.9083777777777776,0.831425,,,,,,
04-09,,0.7567944444444444,,,,0.831425,0.9125333362193364,0.7567944444444444,0.90584,0.9263413398692812,0.9069855555555556,0.831425,,,,,,
04-10,,0.9096,,0.9298470588235296,,0.8974666666666666,0.9125333362193364,0.9096,0.8136148148148149,0.9298470588235296,0.9083777777777776,0.8974666666666666,,,,,,
04-11,0.9138909090909092,0.9422222222222222,0.7279,0.9322277777777778,0.9055933333333334,,0.9138909090909092,0.9422222222222222,0.7279,0.9322277777777778,0.9055933333333334,0.9036666666666668,,,,,,
04-12,0.9235555555555556,0.9072833333333332,,0.9271,0.9217428571428572,0.9098666666666668,0.9235555555555556,0.9072833333333332,0.8056222222222222,0.9271,0.9217428571428572,0.9098666666666668,,,,,,
04-13,0.9095533333333332,,0.8833444444444445,0.9154777777777778,0.9120722222222222,,0.9095533333333332,0.9143583333333332,0.8833444444444445,0.9154777777777778,0.9120722222222222,0.9105777777777778,,,,,,
04-14,0.922070588235294,0.9214333333333332,0.90062,0.8804764705882353,,0.9112888888888888,0.922070588235294,0.9214333333333332,0.90062,0.8804764705882353,0.7823861111111111,0.9112888888888888,,,,,,
04-15,0.9269111111111112,0.9201444444444444,0.8823833333333333,0.9136611111111111,0.6527000000000001,,0.9269111111111112,0.9201444444444444,0.8823833333333333,0.9136611111111111,0.6527000000000001,0.8816680555555556,,,,,,
04-16,0.9104888888888888,0.9001444444444444,0.9184611111111112,0.9233,,,0.9104888888888888,0.9001444444444444,0.9184611111111112,0.9233,0.7835000000000001,0.9112888888888888,,,,,,
04-17,0.9237166666666666,0.9414333333333332,0.8673307692307692,0.9188882352941176,0.9143,0.8231375,0.9237166666666666,0.9414333333333332,0.8673307692307692,0.9188882352941176,0.9143,0.8231375,,,,,,
04-18,0.7700611111111111,,0.9378944444444444,0.9161222222222224,,0.9156533333333332,0.7700611111111111,0.9312738095238096,0.9378944444444444,0.9161222222222224,0.8530115384615384,0.9156533333333332,,,,,,
04-19,0.9180111111111112,0.9211142857142858,0.9162666666666668,0.95947,0.7917230769230769,,0.9180111111111112,0.9211142857142858,0.9162666666666668,0.95947,0.7917230769230769,0.90336,,,,,,
04-20,0.9072388888888888,0.91425,,,,0.8910666666666667,0.9072388888888888,0.91425,0.90785,0.892965,0.8659615384615384,0.8910666666666667,,,,,,
04-21,,0.9218,0.8994333333333333,0.82646,0.9402,0.8886700000000001,0.9190232905982908,0.9218,0.8994333333333333,0.82646,0.9402,0.8886700000000001,,,,,,
04-22,0.9308076923076924,0.9192222222222222,0.82165,,1.0345,,0.9308076923076924,0.9192222222222222,0.82165,0.892965,1.0345,0.9047320588235296,,,,,,
04-23,0.9145333333333332,0.9095555555555556,,,0.8319,0.9207941176470588,0.9145333333333332,0.9095555555555556,0.7746392857142856,0.8953454166666667,0.8319,0.9207941176470588,,,,,,
04-24,0.9248,0.8845,0.7276285714285714,0.93480625,,0.9214444444444444,0.9248,0.8845,0.7276285714285714,0.93480625,0.8757235294117647,0.9214444444444444,,,,,,
04-25,,0.9197176470588236,0.92132,0.92477,0.9195470588235294,0.9313714285714284,0.9260777777777778,0.9197176470588236,0.92132,0.92477,0.9195470588235294,0.9313714285714284,,,,,,
04-26,0.9273555555555556,0.9268222222222222,0.9318333333333332,0.90942,,0.9107111111111112,0.9273555555555556,0.9268222222222222,0.9318333333333332,0.90942,0.919831862745098,0.9107111111111112,,,,,,
04-27,0.83955,0.9366722222222222,0.7242529411764705,0.7766,0.9201166666666668,,0.83955,0.9366722222222222,0.7242529411764705,0.7766,0.9201166666666668,0.9153333333333334,,,,,,
04-28,0.9191666666666668,0.9314444444444444,0.6576333333333333,0.94330625,0.9303222222222222,0.9199555555555556,0.9191666666666668,0.9314444444444444,0.6576333333333333,0.94330625,0.9303222222222222,0.9199555555555556,,,,,,
04-29,0.8892333333333333,0.9226166666666666,0.9400888888888888,0.6529,,0.92825,0.8892333333333333,0.9226166666666666,0.9400888888888888,0.6529,0.9304027777777776,0.92825,,,,,,
04-30,,0.95791875,1.090325,0.9359388888888888,0.9304833333333332,0.9187611111111113,0.9099754901960784,0.95791875,1.090325,0.9359388888888888,0.9304833333333332,0.9187611111111113,,,,,,
05-01,0.9307176470588236,0.9365888888888888,,0.9252944444444444,0.9247916666666668,0.9207166666666666,0.9307176470588236,0.9365888888888888,0.9987263888888888,0.9252944444444444,0.9247916666666668,0.9207166666666666,,,,,,
05-02,0.8594666666666667,0.9485444444444444,0.9071277777777778,,0.9416888888888888,0.9087272727272728,0.8594666666666667,0.9485444444444444,0.9071277777777778,0.9359388888888888,0.9416888888888888,0.9087272727272728,,,,,,
05-03,0.9313,,0.9285222222222222,,0.98838,0.9215222222222222,0.9313,0.9369755555555556,0.9285222222222222,0.9500322780501088,0.98838,0.9215222222222222,,,,,,
05-04,0.91104,0.9254066666666668,,0.95019375,,0.9254277777777776,0.91104,0.9254066666666668,0.9070111111111112,0.95019375,0.9356833333333332,0.9254277777777776,,,,,,
05-05,0.9309222222222222,0.9515388888888888,0.8855,,,,0.9309222222222222,0.9515388888888888,0.8855,0.9746086397058824,0.9433954320987652,0.9195203703703704,MO,,,,,
05-06,,0.93677,0.9407277777777778,0.9990235294117648,,,0.95675,0.93677,0.9407277777777778,0.9990235294117648,0.9416888888888888,0.9116111111111111,,,,,,
05-07,0.9825777777777778,0.9418,,,,0.9116111111111111,0.9825777777777778,0.9418,0.9323472222222222,0.9665784313725492,0.96194,0.9116111111111111,,,,,,
05-08,,0.9293166666666668,0.9239666666666666,0.9341333333333334,,0.9086,0.958558888888889,0.9293166666666668,0.9239666666666666,0.9341333333333334,0.9356833333333332,0.9086,,,,,,
05-09,0.93454,0.3767666666666666,0.7052944444444444,0.9396055555555556,,,0.93454,0.3767666666666666,0.7052944444444444,0.9396055555555556,0.9308980041152264,0.9092055555555556,,,,,,
05-10,0.53995,,0.6133666666666667,0.9309055555555557,,0.9098111111111112,0.53995,0.6599666666666667,0.6133666666666667,0.9309055555555557,0.9355916666666666,0.9098111111111112,,,,,,
05-11,,0.9431666666666668,,0.7961111111111111,0.9355,,0.7377805555555557,0.9431666666666668,0.7991284615384616,0.7961111111111111,0.9355,0.9087972222222224,,,,,,
05-12,0.9356111111111112,0.6063000000000001,,0.90028,,0.9077833333333334,0.9356111111111112,0.6063000000000001,0.7807022222222223,0.90028,0.9355916666666666,0.9077833333333334,,,,,,
05-13,,0.9404333333333332,,,0.9356833333333332,0.9014055555555556,0.9357388888888888,0.9404333333333332,0.7580833333333334,0.9303557576252725,0.9356833333333332,0.9014055555555556,,,,,,
05-14,0.9358666666666666,,,,0.8691888888888889,0.9016111111111113,0.9358666666666666,0.9366777777777776,0.7991284615384616,0.9309055555555557,0.8691888888888889,0.9016111111111113,,,,,,
05-15,0.8400722222222222,,,,,,0.8400722222222222,0.9366777777777776,0.8466615384615385,0.9165866049382716,0.8744259259259258,0.8996777777777778,,,,,,
05-16,0.9016363636363636,,0.9028,,,,0.9016363636363636,0.9366777777777776,0.9028,0.9258788888888888,0.8691888888888889,0.8960166666666667,,,,,,
05-17,0.75817,0.9329222222222222,,,0.8184055555555556,0.8960166666666667,0.75817,0.9329222222222222,0.8747307692307693,0.9258788888888888,0.8184055555555556,0.8960166666666667,,,,,,
05-18,0.9258142857142856,0.9427888888888888,0.8466615384615385,,0.9367277777777778,0.8741833333333333,0.9258142857142856,0.9427888888888888,0.8466615384615385,0.9450083333333332,0.9367277777777778,0.8741833333333333,,,,,,
05-19,0.6584111111111112,0.9050285714285714,,,0.8636999999999999,0.8611800000000001,0.6584111111111112,0.9050285714285714,0.8933616809116809,0.9312930478395062,0.8636999999999999,0.8611800000000001,,,,,,
05-20,,,,,,0.8443555555555555,0.6584111111111112,0.9050285714285714,0.8839233618233618,0.9385388888888888,0.8936333333333333,0.8443555555555555,,,,,,
05-21,,,,,0.9235666666666666,0.7625833333333333,0.5780722222222222,0.892087037037037,0.9303777777777776,0.9086516032763532,0.9235666666666666,0.7625833333333333,,,,,,
05-22,0.4977333333333333,,,0.9514777777777778,0.9280444444444444,,0.4977333333333333,0.9050285714285714,0.9041458587708588,0.9514777777777778,0.9280444444444444,0.8443555555555555,,,,,,
05-23,,,0.9303777777777776,,0.712175,,0.6049457163606183,0.8692132275132276,0.9303777777777776,0.9450083333333332,0.712175,0.8415027777777778,,,,,,
05-24,,,0.9324055555555556,,,,0.5138952380952381,0.9050285714285714,0.9324055555555556,0.9450083333333332,0.8256458333333334,0.8713176470588235,,,,,,MO
05-25,,,0.9051666666666668,,0.9391166666666668,0.9204222222222224,0.5138952380952381,0.8909055435305434,0.9051666666666668,0.904557986111111,0.9391166666666668,0.9204222222222224,,MO,,,,
05-26,,0.75295,,0.9385388888888888,0.9414384615384616,0.8905166666666666,0.4443309523809523,0.75295,0.9001083333333333,0.9385388888888888,0.9414384615384616,0.8905166666666666,,,MO,,,
05-27,,0.9496611111111112,0.8950499999999999,,0.83569,0.8713176470588235,0.4096731932773109,0.9496611111111112,0.8950499999999999,0.8236572916666666,0.83569,0.8713176470588235,,,,MO,,
05-28,,0.8599611111111112,,,0.8552333333333333,,0.3909285714285714,0.8599611111111112,0.897905227180227,0.7832069444444444,0.8552333333333333,0.8868111111111111,,,,,,
05-29,,,,,0.8593333333333333,,0.388690292561469,0.9173555555555556,0.8950499999999999,0.8242282852564102,0.8593333333333333,0.8329021786492374,,,,,MO,
05-30,0.3909285714285714,,,0.627875,,0.8868111111111111,0.3909285714285714,0.9012027777777778,0.8890070105820105,0.627875,0.8593333333333333,0.8868111111111111,,,,,,
05-31,,0.9424444444444444,,0.9472923076923075,,0.7405777777777778,0.3687672268907562,0.9424444444444444,0.8950499999999999,0.9472923076923075,0.9015666666666666,0.7405777777777778,,,,,,
06-01,,,,,0.9438,0.7503555555555556,0.3466058823529411,0.9337277777777778,0.8525796296296296,0.8923277777777777,0.9438,0.7503555555555556,,,,,,
06-02,0.3466058823529411,,,,,0.8370166666666666,0.3466058823529411,0.9370074074074074,0.8426888888888889,0.8447836894586894,0.9234611111111112,0.8370166666666666,,,,,,
06-03,0.3373333333333334,0.9250111111111112,,,,0.7934333333333333,0.3373333333333334,0.9250111111111112,0.7175597282347282,0.8923277777777777,0.9438,0.7934333333333333,PO,,,,,
06-04,,0.9435666666666668,,,0.9031222222222222,,0.3400723529411764,0.9435666666666668,0.82,0.9198100427350426,0.9031222222222222,0.7517291666666667,,,,,,
06-05,,0.951811111111111,0.8426888888888889,,,0.710025,0.3357166666666666,0.951811111111111,0.8426888888888889,0.8923277777777777,0.9480111111111112,0.710025,,,,,,
06-06,,0.8930882352941176,0.82,,0.9929,,0.3428905228758169,0.8930882352941176,0.82,0.8005503621686955,0.9929,0.5324625000000001,,,,,,
06-07,0.3341,0.8341333333333333,0.4062666666666666,,0.9119222222222222,0.3549,0.3341,0.8341333333333333,0.4062666666666666,0.8731111111111111,0.9119222222222222,0.3549,,,,,,
06-08,0.3656555555555555,0.8733764705882353,0.4493555555555555,0.8923277777777777,,0.4715555555555555,0.3656555555555555,0.8733764705882353,0.4493555555555555,0.8923277777777777,0.8875411111111111,0.4715555555555555,,,,,,
06-09,0.3416470588235294,0.7689,,0.8731111111111111,0.86316,,0.3416470588235294,0.7689,0.4892814814814814,0.8731111111111111,0.86316,0.5896715277777778,,,,,,
06-10,,0.7191888888888889,,0.8011181818181818,0.8659611111111111,0.7077875,0.3101852287581699,0.7191888888888889,0.5111888888888889,0.8011181818181818,0.8659611111111111,0.7077875,,,,,,
06-11,,,0.6122222222222222,0.40312,0.8357277777777777,,0.2837235294117647,0.4725444444444444,0.6122222222222222,0.40312,0.8357277777777777,0.6423508928571429,,,,,,
06-12,,0.2259,0.5111888888888889,,0.8273846153846154,0.5769142857142857,0.3176918954248365,0.2259,0.5111888888888889,0.5835182828282828,0.8273846153846154,0.5769142857142857,,,,,,
06-13,0.2258,0.3598444444444444,0.5211833333333333,,,0.4136555555555555,0.2258,0.3598444444444444,0.5211833333333333,0.4442,0.7435723076923078,0.4136555555555555,,,,,,
06-14,0.3097888888888889,,0.3421555555555555,0.5463166666666667,0.65976,0.1739230769230769,0.3097888888888889,0.2698222222222222,0.3421555555555555,0.5463166666666667,0.65976,0.1739230769230769,,,,,,
06-15,0.4275,0.1798,0.305,0.4442,0.2599,0.2347888888888888,0.4275,0.1798,0.305,0.4442,0.2599,0.2347888888888888,,,,,,
06-16,,0.16238125,0.3135428571428571,0.3551499999999999,0.4330277777777778,0.23695,0.4015833333333333,0.16238125,0.3135428571428571,0.3551499999999999,0.4330277777777778,0.23695,,,,,,
06-17,0.3756666666666666,0.3311571428571428,0.4366,0.3094,,0.1837055555555555,0.3756666666666666,0.3311571428571428,0.4366,0.3094,0.3292138888888889,0.1837055555555555,,,,,,
06-18,0.3976714285714285,0.207,,0.212125,0.2254,0.2154166666666666,0.3976714285714285,0.207,0.2982823529411764,0.212125,0.2254,0.2154166666666666,,,,,,
06-19,,0.208,0.1599647058823529,0.2794666666666666,0.3398375,0.2074888888888889,0.3976714285714285,0.208,0.1599647058823529,0.2794666666666666,0.3398375,0.2074888888888889,,,,,,
06-20,,0.1841294117647058,,0.2318444444444444,0.218025,0.1932166666666666,0.4200193650793651,0.1841294117647058,0.1217156862745097,0.2318444444444444,0.218025,0.1932166666666666,,,,,,
06-21,0.44972,0.1793,0.0834666666666666,0.2275555555555555,,0.21935,0.44972,0.1793,0.0834666666666666,0.2275555555555555,0.2992,0.21935,,,,,,
06-22,0.4126666666666667,0.1757461538461538,0.2463636363636363,0.16434,,0.2790588235294117,0.4126666666666667,0.1757461538461538,0.2463636363636363,0.16434,0.2856875,0.2790588235294117,,,,,,PO
06-23,0.4191294117647058,0.1670555555555555,0.2236999999999999,0.2152555555555555,,,0.4191294117647058,0.1670555555555555,0.2236999999999999,0.2152555555555555,0.2992,0.2605088235294117,PD,PO,,,,
06-24,,0.1446,0.2465,0.4648,,0.2419588235294117,0.3976523965141612,0.1446,0.2465,0.4648,0.3062089285714285,0.2419588235294117,,,PO,,,
06-25,,0.2068111111111111,0.2060733333333333,0.2146875,0.2992,0.2361,0.3611611111111111,0.2068111111111111,0.2060733333333333,0.2146875,0.2992,0.2361,,,,PO,PO,
06-26,0.3611611111111111,,0.09935,0.1835555555555555,0.4988166666666667,0.3596833333333333,0.3611611111111111,0.1918055555555555,0.09935,0.1835555555555555,0.4988166666666667,0.3596833333333333,,,,,,
06-27,0.3530555555555555,0.1768,0.2547,0.1907142857142857,0.2695666666666667,,0.3530555555555555,0.1768,0.2547,0.1907142857142857,0.2695666666666667,0.2361,,,,,,
06-28,0.2922277777777777,,0.2172722222222222,0.1584666666666666,0.2729666666666667,,0.2922277777777777,0.22728,0.2172722222222222,0.1584666666666666,0.2729666666666667,0.2656763616557734,,,,,,
06-29,0.3111416666666666,0.27776,0.1605055555555555,0.1331,0.129525,0.1733222222222222,0.3111416666666666,0.27776,0.1605055555555555,0.1331,0.129525,0.1733222222222222,,,,,,
06-30,0.3675777777777778,,,0.20501875,0.1342125,0.2640235294117647,0.3675777777777778,0.3609466666666666,0.1605055555555555,0.20501875,0.1342125,0.2640235294117647,,,,,,
07-01,0.3395222222222222,0.4441333333333333,,0.2478833333333333,0.2529444444444444,0.24942,0.3395222222222222,0.4441333333333333,0.1491124183006535,0.2478833333333333,0.2529444444444444,0.24942,,,,,,
07-02,0.2732222222222222,0.5256555555555555,0.1289611111111111,0.1944222222222222,0.38648,,0.2732222222222222,0.5256555555555555,0.1289611111111111,0.1944222222222222,0.38648,0.3391975,,,,,,
07-03,0.2515,0.6008388888888889,0.1578705882352941,0.0808222222222222,,0.428975,0.2515,0.6008388888888889,0.1578705882352941,0.0808222222222222,0.3870788888888888,0.428975,,,,,,
07-04,0.2238777777777778,0.6478,0.3424944444444444,0.3411111111111111,0.3876777777777778,0.1576666666666666,0.2238777777777778,0.6478,0.3424944444444444,0.3411111111111111,0.3876777777777778,0.1576666666666666,,,,,,
07-05,0.2294529411764705,0.632,0.3021,,0.39805,0.4489944444444444,0.2294529411764705,0.632,0.3021,0.3283333333333332,0.39805,0.4489944444444444,,,,,,
07-06,0.2085625,0.6585428571428571,0.3452222222222222,0.3155555555555555,0.2933111111111111,0.5079111111111111,0.2085625,0.6585428571428571,0.3452222222222222,0.3155555555555555,0.2933111111111111,0.5079111111111111,,,,,,
07-07,0.1465,,,0.4551,0.5177333333333334,0.4508388888888889,0.1465,0.5333021978021978,0.2643983741830065,0.4551,0.5177333333333334,0.4508388888888889,,,,,,
07-08,,0.4080615384615385,,,0.5379277777777778,0.4299588235294118,0.0799153846153846,0.4080615384615385,0.3318375,0.41841875,0.5379277777777778,0.4299588235294118,,PD,,,,
07-09,0.0133307692307692,0.4966272727272727,,0.3817375,0.307,0.4062611111111111,0.0133307692307692,0.4966272727272727,0.3320368055555555,0.3817375,0.307,0.4062611111111111,,,,,,PD
07-10,0.0101722222222222,0.47096,,0.5749857142857143,0.3823944444444444,0.3905944444444444,0.0101722222222222,0.47096,0.3385298611111111,0.5749857142857143,0.3823944444444444,0.3905944444444444,,,,,,
07-11,-0.001,0.5048555555555555,,,0.4198555555555555,0.39335,-0.001,0.5048555555555555,0.2832579166666666,0.41841875,0.4198555555555555,0.39335,,,,,,
07-12,0.0137294117647058,0.4873,,,0.4541444444444444,0.3847611111111111,0.0137294117647058,0.4873,0.2832579166666666,0.4559491071428572,0.4541444444444444,0.3847611111111111,OW,,,,,
07-13,0.0211833333333333,0.4969363636363637,,,,0.3517555555555555,0.0211833333333333,0.4969363636363637,0.2612773199588478,0.3699,0.3779888888888888,0.3517555555555555,OW,,,PD,,
07-14,,0.4666625,0.3318375,0.3369125,0.3018333333333333,,0.0121138888888888,0.4666625,0.3318375,0.3369125,0.3018333333333333,0.4184755555555555,OW,,,,PD,
07-15,0.0030444444444444,0.4395833333333333,0.182,0.336175,0.4809,,0.0030444444444444,0.4395833333333333,0.182,0.336175,0.4809,0.4380888888888888,OW,,,,,
07-16,,0.3660777777777778,,0.3699,0.2481,,0.0131472222222221,0.3660777777777778,0.2187,0.3699,0.2481,0.3435744696969697,OW,,,,,
07-17,0.02325,0.2808466666666667,0.2554,0.3422055555555555,0.40125,0.5244222222222222,0.02325,0.2808466666666667,0.2554,0.3422055555555555,0.40125,0.5244222222222222,OW,,,,,
07-18,,0.2651777777777778,,0.2978777777777778,0.3124222222222222,0.2425583333333333,0.0145527777777777,0.2651777777777778,0.2187,0.2978777777777778,0.3124222222222222,0.2425583333333333,OW,,,,,
07-19,0.0058555555555555,0.168025,,,0.2229222222222222,,0.0058555555555555,0.168025,0.1910337962962962,0.2452888888888889,0.2229222222222222,0.1610473484848484,OW,,,,,
07-20,0.0027444444444444,0.2035666666666666,0.1519125,0.1927,,0.0795363636363636,0.0027444444444444,0.2035666666666666,0.1519125,0.1927,0.2563138888888888,0.0795363636363636,OW,,,,,
07-21,0.0010111111111111,0.0099555555555555,0.1657888888888888,0.0868533333333333,0.2897055555555555,,0.0010111111111111,0.0099555555555555,0.1657888888888888,0.0868533333333333,0.2897055555555555,0.0559574675324675,OW,,,,,
07-22,0.1024111111111111,0.0275777777777777,,,0.3754666666666666,0.0323785714285714,0.1024111111111111,0.0275777777777777,0.1107333333333332,0.1598988888888888,0.3754666666666666,0.0323785714285714,,,,,,
07-23,0.0143666666666666,7.222222222222222e-05,0.0556777777777777,0.2329444444444444,,0.0018111111111111,0.0143666666666666,7.222222222222222e-05,0.0556777777777777,0.2329444444444444,0.2563138888888888,0.0018111111111111,,,,,,
07-24,0.0604,0.011335294117647,,0.2728285714285714,,0.0156777777777777,0.0604,0.011335294117647,0.0556777777777777,0.2728285714285714,0.2018583333333332,0.0156777777777777,,,,,,
07-25,0.00175,0.1999333333333333,,0.16245,,0.0011722222222222,0.00175,0.1999333333333333,0.0276222222222222,0.16245,0.043375,0.0011722222222222,,,,,,OW
07-26,0.04214375,0.0314555555555555,,0.15245,0.0282499999999999,-2.2222222222222217e-05,0.04214375,0.0314555555555555,0.0556777777777777,0.15245,0.0282499999999999,-2.2222222222222217e-05,,OW,,,,OW
07-27,0.0403555555555555,,-0.0004333333333333,0.105,,0.0403444444444444,0.0403555555555555,0.0651277777777777,-0.0004333333333333,0.105,0.0358124999999999,0.0403444444444444,,OW,,,,OW
07-28,0.0305,0.0988,0.13115,,0.043375,0.0349444444444444,0.0305,0.0988,0.13115,0.06831875,0.043375,0.0349444444444444,,OW,,,OW,OW
07-29,0.0426777777777777,0.0310333333333333,,0.0316375,,,0.0426777777777777,0.0310333333333333,0.080487037037037,0.0316375,0.0282499999999999,0.0403444444444444,,OW,,,OW,OW
07-30,0.0519571428571428,0.0008388888888888,,,,,0.0519571428571428,0.0008388888888888,0.1209472222222221,0.1312150462962963,0.0235221153846153,0.0470546296296296,,OW,,,OW,OW
07-31,0.0197117647058823,-0.0005555555555555,0.1107444444444444,,,0.0807944444444444,0.0197117647058823,-0.0005555555555555,0.1107444444444444,0.0316375,0.0235221153846153,0.0807944444444444,,OW,,,OW,OW
08-01,0.0013222222222222,,,0.2936888888888889,0.0036692307692307,0.025425,0.0013222222222222,0.0210828042328042,0.1107444444444444,0.2936888888888889,0.0036692307692307,0.025425,,OW,,OW,OW,OW
08-02,,,,0.0167222222222222,,0.0371777777777777,0.0519571428571428,-0.0003222222222222,0.0768305555555555,0.0167222222222222,,0.0371777777777777,,OW,,OW,,OW
08-03,,,,0.02805,,0.0200333333333333,0.1094444444444444,0.0181074074074074,0.1107444444444444,0.02805,0.0271460550637633,0.0200333333333333,,OW,,OW,OW,OW
08-04,,,,,,0.1021,0.1014496296296296,0.0181074074074074,0.1471813492063492,0.0143388888888888,0.0235221153846153,0.1021,,OW,,OW,OW,OW
08-05,0.2175666666666666,-0.0003222222222222,-0.0012,0.0006277777777777,,0.0524222222222222,0.2175666666666666,-0.0003222222222222,-0.0012,0.0006277777777777,0.0249383732008731,0.0524222222222222,,OW,,OW,OW,OW
08-06,0.0706222222222222,0.0552,,0.0572833333333333,,0.0010666666666666,0.0706222222222222,0.0552,0.1829875,0.0572833333333333,0.0201944444444444,0.0010666666666666,,,,OW,OW,OW
08-07,,,,0.0560857142857142,,,0.1014496296296296,0.0193851851851851,0.1829875,0.0560857142857142,0.0157952635327634,0.001361111111111,,,,OW,OW,OW
08-08,,,0.367175,,,0.0016555555555555,0.0494111111111111,0.0292388888888888,0.367175,0.0560857142857142,0.0201944444444444,0.0016555555555555,,,,OW,OW,
08-09,0.01616,0.0032777777777777,,,,0.0014388888888888,0.01616,0.0032777777777777,0.1471813492063492,0.0357057081807081,0.0397925468050467,0.0014388888888888,,,,OW,OW,
08-10,0.0494111111111111,,,0.0297055555555555,,,0.0494111111111111,0.0292388888888888,0.1492103986291486,0.0297055555555555,0.0397925468050467,0.0016555555555555,,,,,OW,
08-11,0.08183,,,,,,0.08183,0.0450888888888888,0.1829875,0.0213258547008546,0.0405387908387908,0.0399481481481481,,,,,,
08-12,0.0064,,,0.0129461538461538,,0.07995,0.0064,0.0450888888888888,0.2077458333333333,0.0129461538461538,0.0299934956247455,0.07995,,,,,,
08-13,,0.0869,,0.0068833333333333,,,0.0913548888888888,0.0869,0.073075,0.0068833333333333,,0.0384555555555556,,,,,,
08-14,,,,,0.0201944444444444,-0.0030388888888888,0.1085111111111111,0.0502692307692307,0.1145552579365079,0.1387416666666666,0.0201944444444444,-0.0030388888888888,,,,,,
08-15,,0.0136384615384615,,0.2706,,,0.1085111111111111,0.0136384615384615,0.073075,0.2706,0.0597222222222222,0.0470694444444444,,,,,,
08-16,0.2106222222222222,,,,,,0.2106222222222222,0.0502692307692307,0.06738943001443,0.1387416666666666,0.0597222222222222,0.0389805555555556,,,,,,
08-17,,,0.073075,,0.09925,,0.1233086018518518,0.0524831908831908,0.073075,0.1737222222222222,0.09925,0.0389805555555556,,,,,,
08-18,,0.097,0.0321375,0.0768444444444444,,0.081,0.1405777777777777,0.097,0.0321375,0.0768444444444444,0.0597222222222222,0.081,,,,,,
08-19,,0.0468111111111111,,,,,0.1330497685185185,0.0468111111111111,0.0321375,0.0550722222222222,0.0494166666666667,0.0398777777777777,,,,,,
08-20,,,,,,,0.11799375,0.0555555555555555,0.0165409722222222,0.0594888888888888,0.0019222222222222,0.0418527777777777,,,,,,
08-21,0.0705333333333333,0.0643,0.0009444444444444,0.0333,-0.0004166666666666,,0.0705333333333333,0.0643,0.0009444444444444,0.0333,-0.0004166666666666,0.0285555555555555,,,,,,
08-22,0.11799375,,,,0.0019222222222222,,0.11799375,0.0643,0.0030222222222221,0.0594888888888888,0.0019222222222222,0.0060875,,,,,,
08-23,0.0155444444444444,,,0.0856777777777777,,0.0027055555555555,0.0155444444444444,0.0654392857142857,0.0050625,0.0856777777777777,0.0009666666666666,0.0027055555555555,,,,,,
08-24,0.0007277777777777,,0.0050999999999999,0.0026705882352941,1.1111111111111152e-05,0.0019611111111111,0.0007277777777777,0.0643,0.0050999999999999,0.0026705882352941,1.1111111111111152e-05,0.0019611111111111,,,,,,
08-25,0.026275,,0.0050625,0.0109699999999999,0.3586222222222222,0.0060875,0.026275,0.0578083333333333,0.0050625,0.0109699999999999,0.3586222222222222,0.0060875,,,,,,
08-26,,,0.0453538461538461,0.0023,0.0036166666666666,,0.1305875,0.0643,0.0453538461538461,0.0023,0.0036166666666666,0.0040159722222222,,,,,,
08-27,0.2349,,-0.0033277777777777,,0.0007333333333333,0.0019444444444444,0.2349,0.0688105555555555,-0.0033277777777777,0.0016290267379679,0.0007333333333333,0.0019444444444444,,,,,,
08-28,0.0722571428571428,0.0723,0.00992,,,,0.0722571428571428,0.0723,0.00992,-0.0018318181818181,0.0541166666666666,0.0019444444444444,,,,,,
08-29,,,,,,,0.0632454395141894,0.036825,0.0108166666666666,0.0053009090909091,0.1049177777777777,0.0017555555555554,,,,,,
08-30,,0.00135,,-0.0059636363636363,,0.0018388888888888,0.0722571428571428,0.00135,0.013415479143838,-0.0059636363636363,0.0541166666666666,0.0018388888888888,,,,,,
08-31,,0.18028,,0.016,,,0.0381740259740259,0.18028,0.0108166666666666,0.016,0.0556490476190475,0.0014833333333332,,,,,,
09-01,,,,,,0.0011277777777777,0.0381740259740259,0.0665552777777777,0.0122862962962963,0.016,0.0556490476190475,0.0011277777777777,,,,,,
09-02,,,,,0.1075,0.0386416666666666,0.0150108706108705,0.078032063712522,0.0108166666666666,0.1070875,0.1075,0.0386416666666666,,,,,,
09-03,0.004090909090909,,,0.198175,0.1085285714285714,,0.004090909090909,0.0723,0.0148825308641974,0.198175,0.1085285714285714,0.0206902777777777,,,,,,
09-04,,,,,0.0073666666666666,0.0027388888888888,0.0150108706108705,0.0739632857142857,0.0122862962962963,0.0580411650050286,0.0073666666666666,0.0027388888888888,,,,,,
09-05,,,,,,,0.0027676767676767,0.1105471428571428,0.0158750370370369,0.0331,0.031507857142857,,,,,,,
09-06,,,0.0302666666666666,,,,0.0027676767676767,0.0939125892857142,0.0302666666666666,0.1127875,0.0369742063492063,,,,,,,
09-07,,,0.0108166666666666,,,,0.0014444444444444,0.0612664642857142,0.0108166666666666,0.0331,0.0073666666666666,,,,,,,
09-08,,,0.0151888888888888,,,,0.0044063799903799,0.0624792165178571,0.0151888888888888,0.0897655423280423,-0.0005166666666666,,,,,,,
09-09,0.0014444444444444,,,,,,0.0014444444444444,0.0485696428571428,,0.0944142526455026,0.0037470899470899,,,,,,,
09-10,,0.0408142857142857,,0.0331,,,-0.0015777777777777,0.0408142857142857,,0.0331,0.0015706790123456,,,,,,,
09-11,,,,0.0200888888888888,-0.0084,,-0.0015777777777777,0.0440089285714285,,0.0200888888888888,-0.0084,0.0259631944444444,,,,,,
09-12,-0.0046,,,,,,-0.0046,0.0565922365702479,0.0158750370370369,0.0990629629629629,0.0035329695767195,0.0259631944444444,,,,,,
09-13,,,,,,,0.0242933333333333,0.0485696428571428,0.0884216296296295,0.1320444444444444,0.0040142857142857,0.0491875,,,,,,
09-14,,,,0.244,,,0.0242933333333333,0.0440089285714285,0.0302666666666666,0.244,0.0034798941798941,,,,,,,
09-15,0.0531866666666666,,,,,,0.0531866666666666,0.0440089285714285,0.1705194444444444,,0.0034798941798941,,,,,,,
09-16,,,,,0.0164285714285714,,0.0185102139796931,0.0491066558441558,0.1847249999999999,,0.0164285714285714,,,,,,,
09-17,,0.056325,,,0.0024111111111111,,0.0242933333333333,0.056325,0.1428055555555555,,0.0024111111111111,,,,,,,
09-18,,,,,,,0.0198886961063627,0.0348875,0.1705194444444444,0.1062828181951792,0.0139382275132275,,,,,,,
09-19,,,,,,,0.0242933333333333,0.056325,,0.0990629629629629,0.0029388888888888,,,,,,,
09-20,,0.01345,,,0.022975,0.0491875,0.0263283333333332,0.01345,,0.1227139814814814,0.022975,0.0491875,,,,,,
09-21,,,,,0.0029388888888888,,0.0276849999999999,0.057075,,0.1274875,0.0029388888888888,0.067740625,,,,,,
09-22,,0.1007,0.32585,,0.0281666666666666,,0.0309671538461538,0.1007,0.32585,0.0836333333333333,0.0281666666666666,0.08629375,,,,,,
09-23,,,,,0.0016,,0.0355,0.054320429159318,0.184725,0.0251061507936507,0.0016,0.08629375,,,,,,
09-24,,,,,,,0.0301878603988603,0.0549872868900646,0.1847249999999999,0.0509027549970605,0.030726111111111,0.17010625,,,,,,
09-25,,,,,,,0.0309671538461538,0.056325,0.14565,,0.0408416666666666,0.104846875,,,,,,
09-26,,,0.0436,,,0.1234,0.0320568328899223,0.0536535714285714,0.0436,,0.0639499999999999,0.1234,,,,,,
09-27,0.0021833333333333,,,,0.0800833333333333,,0.0021833333333333,0.0659142857142857,0.0674999999999999,,0.0800833333333333,0.23835,,,,,,
09-28,0.0355,,,0.010975,0.133275,0.3533,0.0355,0.0565552248677248,0.028425,0.010975,0.133275,0.3533,,,,,,
09-29,,,,,,0.0168333333333333,0.0362807692307692,0.0423910714285714,0.028425,0.0155597222222222,0.0800833333333333,0.0168333333333333,,,,,,
09-30,,,0.01325,0.0201444444444444,,,0.0370615384615384,0.0401100777116401,0.01325,0.0201444444444444,0.085091512345679,0.1944499999999999,,,,,,
10-01,,,,,,,0.0370615384615384,0.0284780423280423,0.0505857407407407,0.0226252976190475,0.0967,0.1268666666666666,,,,,,
10-02,0.0386230769230769,0.0311285714285714,,,,,0.0386230769230769,0.0311285714285714,0.0324555555555555,0.0251061507936507,0.1149874999999999,0.1109222222222221,,,,,,
10-03,0.0211764705882352,,,,,0.2369,0.0211764705882352,0.0284780423280423,0.0308433333333333,0.029879365079365,0.1085599999999999,0.2369,,,,,,
10-04,0.065,,,,,0.0630888888888888,0.065,0.0349277215608465,0.0324555555555555,0.0380302777777777,0.1045158333333333,0.0630888888888888,,,,,,
10-05,,,,0.0396142857142857,,,0.0451722222222222,0.0281948412698412,0.0651227777777777,0.0396142857142857,0.0967,0.0944913398692809,,,,,,
10-06,0.0253444444444444,,,,0.0967,,0.0253444444444444,0.0284780423280423,0.0516611111111111,0.0568083948412698,0.0967,0.0840238562091502,,,,,,
10-07,0.0299428571428571,,,,,,0.0299428571428571,0.0284780423280423,0.0617753497942386,0.0575107142857142,0.1085599999999999,0.0735563725490195,,,,,,
10-08,,,0.0516611111111111,,,0.1049588235294117,0.0583969649740237,0.0277446097883597,0.0516611111111111,0.0754071428571428,0.0946399999999999,0.1049588235294117,,,,,,
10-09,,0.0252611111111111,,,0.12042,0.0410411764705882,0.065,0.0252611111111111,0.0933027777777777,0.0754071428571428,0.12042,0.0410411764705882,,,,,,
10-10,,0.0290444444444444,0.1349444444444444,,0.0668,,0.0715961904761904,0.0290444444444444,0.1349444444444444,0.0933035714285714,0.0668,0.0573926470588234,,,,,,
10-11,,,0.0435444444444444,0.1112,,,0.0958214285714285,0.0287612433862433,0.0435444444444444,0.1112,0.0668,0.0415372549019607,,,,,,
10-12,,,,,,,0.132895994397759,0.0435650347436954,0.0551666666666666,0.0650008409611992,0.0467777777777777,0.0399223529411764,,,,,,
10-13,,,,,,0.0420333333333333,0.1617,0.0290444444444444,0.0489370370370369,0.0754071428571428,0.0668,0.0420333333333333,,,,,,FO
10-14,,,0.0551666666666666,,0.0267555555555555,,0.1545620790538437,0.0480124952758881,0.0551666666666666,0.0703156084656084,0.0267555555555555,0.039011111111111,,FO,,,,
10-15,0.1617,,,,,0.0359888888888888,0.1617,0.0290444444444444,0.0480999999999999,0.0754071428571428,0.2479277777777777,0.0359888888888888,FO,,,,,
10-16,0.1930058823529411,,0.0410333333333333,,0.4691,0.0352777777777777,0.1930058823529411,0.1000148148148147,0.0410333333333333,0.0719833333333332,0.4691,0.0352777777777777,,,FO,,,FO
10-17,,,,,,,0.1840098039215686,0.1000148148148147,0.0375708333333333,0.0398547619047618,0.0668,0.0420333333333333,,,,,,
10-18,,,0.0341083333333333,,,,0.1870084967320261,0.1539235265065621,0.0341083333333333,0.0549083333333332,0.2544333333333333,0.0738945860566448,,,,,,
10-19,,,,,,,0.1840098039215686,0.1745,0.089062037037037,0.0398547619047618,0.0589944444444444,0.0420333333333333,,,,,,
10-20,0.1810111111111111,,,,,,0.1810111111111111,0.1781671046848874,0.0410333333333333,0.0595119320987653,0.1377059523809523,0.1120033333333332,,,,,,
10-21,,0.0965,,0.0327666666666666,0.0462722222222222,,0.1740708333333333,0.0965,0.1550291666666666,0.0327666666666666,0.0462722222222222,0.1616722222222222,,,,,,
10-22,,0.1745,,,0.0589944444444444,,0.1671305555555555,0.1745,0.1135666666666666,0.0363107142857142,0.0589944444444444,0.157605,,,,,,
10-23,,,,,0.0338944444444444,,0.1671305555555555,0.2447944444444444,0.1432024999999999,0.0398547619047618,0.0338944444444444,0.1616722222222222,,,,,,
10-24,0.15325,0.3150888888888888,0.27595,,,,0.15325,0.3150888888888888,0.27595,0.0398547619047618,0.0422527777777777,0.1991808641975308,,,,,,
10-25,,,0.0823666666666666,,0.0506111111111111,,0.1740708333333333,0.290411111111111,0.0823666666666666,0.0469428571428571,0.0506111111111111,0.197025,,,,,,
10-26,,0.2657333333333333,0.1135666666666666,,0.1409444444444444,0.2880666666666667,0.319140625,0.2657333333333333,0.1135666666666666,0.1097649603174602,0.1409444444444444,0.2880666666666667,,,,,,
10-27,,,,0.0469428571428571,,,0.3855545138888888,0.2657333333333333,0.2222402083333333,0.0469428571428571,0.092821111111111,0.197025,,,,,,
10-28,,,,,,0.1059833333333333,0.3389199900793651,0.2081575757575757,0.2509614583333333,0.1125103174603174,0.092821111111111,0.1059833333333333,,,,,,
10-29,0.48503125,0.1505818181818181,,,,0.2336,0.48503125,0.1505818181818181,0.3258213194444444,0.1780777777777777,0.1237472222222222,0.2336,,,,,,
10-30,,,0.38835625,0.1780777777777777,,0.2993333333333333,0.3855545138888888,0.198378409090909,0.38835625,0.1780777777777777,0.1500558333333333,0.2993333333333333,,,,,,
10-31,,,0.5314777777777778,0.3863111111111111,,,0.35783125,0.246175,0.5314777777777778,0.3863111111111111,0.1500558333333333,0.2373388888888888,,,,,,
11-01,0.2860777777777777,0.246175,0.3447444444444444,,0.10655,,0.2860777777777777,0.246175,0.3447444444444444,0.2886851851851852,0.10655,0.3063046296296295,,,,,,
11-02,0.35783125,,0.2631733333333333,,,0.2373388888888888,0.35783125,0.3198652777777777,0.2631733333333333,0.3586020833333333,0.18951875,0.2373388888888888,,,,,,
11-03,0.5282285714285714,0.3935555555555555,,0.3016666666666667,,,0.5282285714285714,0.3935555555555555,0.4176635897435897,0.3016666666666667,0.18951875,0.3822416666666666,,,,,,
11-04,,0.5632375000000001,0.5721538461538461,,,0.5271444444444444,0.5626253968253968,0.5632375000000001,0.5721538461538461,0.3586020833333333,0.231003125,0.5271444444444444,,,,,,
11-05,0.5970222222222222,,0.5768,0.4155375,0.2724875,0.4483941176470588,0.5970222222222222,,0.5768,0.4155375,0.2724875,0.4483941176470588,,,,,,
11-06,,,0.5019722222222223,,,0.4689222222222222,,,0.5019722222222223,,0.2841493055555555,0.4689222222222222,,,,,,
11-07,,,,,,,,,,,,,,,,,,
11-08,,,,,0.2958111111111111,,,,,,0.2958111111111111,,,,,,,
11-09,,,,,,,,,,,,,,,,,,
11-10,,,,,,,,,,,,,,,,,,
11-11,,,,,,,,,,,,,,,,,,
11-12,,,,,,,,,,,,,,,,,,
11-13,,,,,,,,,,,,,,,,,,
11-14,,,,,,,,,,,,,,,,,,
11-15,,,,,,,,,,,,,,,,,,
11-16,,,,,,,,,,,,,,,,,,
11-17,,,,,,,,,,,,,,,,,,
11-18,,,,,,,,,,,,,,,,,,
11-19,,,,,,,,,,,,,,,,,,
11-20,,,,,,,,,,,,,,,,,,
11-21,,,,,,,,,,,,,,,,,,
11-22,,,,,,,,,,,,,,,,,,
11-23,,,,,,,,,,,,,,,,,,
11-24,,,,,,,,,,,,,,,,,,
11-25,,,,,,,,,,,,,,,,,,
11-26,,,,,,,,,,,,,,,,,,
11-27,,,,,,,,,,,,,,,,,,
11-28,,,,,,,,,,,,,,,,,,
11-29,,,,,,,,,,,,,,,,,,
11-30,,,,,,,,,,,,,,,,,,
12-01,,,,,,,,,,,,,,,,,,
12-02,,,,,,,,,,,,,,,,,,
12-03,,,,,,,,,,,,,,,,,,
12-04,,,,,,,,,,,,,,,,,,
12-05,,,,,,,,,,,,,,,,,,
12-06,,,,,,,,,,,,,,,,,,
12-07,,,,,,,,,,,,,,,,,,
12-08,,,,,,,,,,,,,,,,,,
12-09,,,,,,,,,,,,,,,,,,
12-10,,,,,,,,,,,,,,,,,,
12-11,,,,,,,,,,,,,,,,,,
12-12,,,,,,,,,,,,,,,,,,
12-13,,,,,,,,,,,,,,,,,,
12-14,,,,,,,,,,,,,,,,,,
12-15,,,,,,,,,,,,,,,,,,
12-16,,,,,,,,,,,,,,,,,,
12-17,,,,,,,,,,,,,,,,,,
12-18,,,,,,,,,,,,,,,,,,
12-19,,,,,,,,,,,,,,,,,,
12-20,,,,,,,,,,,,,,,,,,
12-21,,,,,,,,,,,,,,,,,,
12-22,,,,,,,,,,,,,,,,,,
12-23,,,,,,,,,,,,,,,,,,
12-24,,,,,,,,,,,,,,,,,,
12-25,,,,,,,,,,,,,,,,,,
12-26,,,,,,,,,,,,,,,,,,
12-27,,,,,,,,,,,,,,,,,,
12-28,,,,,,,,,,,,,,,,,,
12-29,,,,,,,,,,,,,,,,,,
12-30,,,,,,,,,,,,,,,,,,
12-31,,,,,,,,,,,,,,,,,,
