system:time_start,2000,2001,2002,2003,2004,2005,2006,2007,2008,2009,2010,2011,2012,2013,2014,2015,2016,2017,2018,2019,2020,2021,2022
01-01,,,,,,,,,,,,,,,,,,,,,,,
01-02,,,,,,,,,,,,,,,,,,,,,,,
01-03,,,,,,,,,,,,,,,,,,,,,,,
01-04,,,,,,,,,,,,,,,,,,,,,,,
01-05,,,,,,,,,,,,,,,,,,,,,,,
01-06,,,,,,,,,,,,,,,,,,,,,,,
01-07,,,,,,,,,,,,,,,,,,,,,,,
01-08,,,,,,,,,,,,,,,,,,,,,,,
01-09,,,,,,,,,,,,,,,,,,,,,,,
01-10,,,,,,0.5636888888888889,,,,,,,,,0.5565888888888889,,,,,0.09906666666666666,,,
01-11,,,0.7305777777777778,,,,0.5209333333333334,,,,,0.5086666666666667,,0.4838777777777778,,0.5209666666666667,,,,,0.4225,0.5186111111111111,
01-12,,,,0.5650111111111111,,0.48981111111111114,,0.5193888888888889,0.5573111111111111,,,,0.3894666666666667,0.5153555555555556,0.4769666666666667,,,,0.5203444444444445,0.5887666666666667,,,
01-13,,,,,0.5103777777777778,,0.5125111111111111,,,,,,0.5442444444444444,,,,0.4736,,,0.43695555555555554,0.2893222222222222,0.5647333333333333,
01-14,,,,0.5313333333333333,,,,0.5417888888888889,0.4928,,0.4209555555555556,,0.5202666666666667,0.4503333333333333,0.5677555555555556,,,0.605775,0.5722444444444444,,,0.5164333333333334,
01-15,,,,,0.4933666666666667,,,0.5302749999999999,,,,,,0.52455,,,0.6042777777777778,,0.6712777777777778,0.5383,0.5513333333333333,,
01-16,,,,,0.4905,0.5494555555555556,0.47136666666666666,0.8237181818181818,,0.5560888888888889,0.5564611111111111,0.4947666666666667,0.55855,0.5988818181818182,0.6743777777777779,,0.7163,0.8796444444444445,0.43959444444444445,0.50876875,,0.6241555555555556,
01-17,,0.8080777777777778,,,0.6520666666666667,0.3405444444444444,,0.54235,,0.8264333333333334,,,0.5392666666666667,0.5373666666666667,0.7308666666666667,0.5256222222222222,0.6164222222222222,0.28202,,,,0.6706,0.7081375
01-18,,,,,,0.7863333333333333,,0.8649722222222223,0.530725,,0.33353333333333335,0.8260111111111111,,,,0.9366333333333333,,0.9382666666666667,0.6062888888888889,,,0.7467250000000001,0.8956277777777778
01-19,,0.9504,,0.62245,,,,0.8494444444444444,,,,,,,0.6655545454545454,0.84095,0.8918,,0.4681777777777778,0.6357,0.7410666666666667,,0.7519111111111111
01-20,,,0.8193777777777778,0.5311666666666667,,0.8046222222222222,0.8050071428571428,0.8755071428571428,0.8943444444444444,,0.8002111111111111,,,,,,0.6119111111111111,0.8981611111111111,0.8619888888888889,0.8284444444444444,0.5979388888888889,,
01-21,,,0.5611333333333333,,0.4270111111111111,0.8394333333333334,0.8329666666666666,0.8781555555555556,0.8228133333333333,0.8265888888888889,0.624725,0.8403111111111111,,,0.7139222222222222,0.8770333333333333,0.809,0.7181444444444445,0.8824555555555555,0.483225,0.8441888888888889,0.49896666666666667,
01-22,,,,,,,0.8515111111111111,0.8884666666666667,,0.8016388888888889,0.6063999999999999,0.8037777777777778,,,,0.8398388888888889,,,0.8916388888888889,0.8201555555555555,0.8497722222222223,,
01-23,,0.814625,,,0.8090333333333334,,0.7963555555555556,0.8384714285714285,,0.8371999999999999,0.6173777777777778,0.8138285714285715,0.5486333333333333,,,0.61158125,0.8416888888888889,0.8268888888888889,0.8857,0.7468250000000001,0.846,0.7439777777777777,0.6073555555555555
01-24,,,0.7865571428571428,0.90458,0.7974,0.8066333333333333,,0.8980333333333334,,,,0.8425,,0.8343666666666667,,,0.9740666666666666,0.8042111111111111,0.7070333333333333,,0.8552571428571428,0.8786499999999999,0.8065444444444445
01-25,,,,,,0.8130000000000001,,0.9041333333333333,0.71504375,,0.6613333333333333,,,0.8346888888888889,0.5793444444444444,,,,0.49999444444444446,,,0.7988333333333334,
01-26,,0.5167,0.8285666666666667,,,0.7637769230769231,,0.8713444444444445,,,,,,0.6763555555555556,,,0.5819,,0.7081071428571428,0.7886,,,0.8188
01-27,,,0.6183,,0.8271111111111111,0.8319555555555556,,0.8490166666666666,,0.8523333333333333,0.7866,0.8529444444444445,,0.8496166666666667,,0.5406333333333333,0.8755777777777778,0.34955555555555556,,0.6334111111111111,,0.8218222222222222,0.8611277777777777
01-28,,,,,0.80284,,0.8323,0.8668,0.7611,0.45513333333333333,0.6562933333333333,,0.8718111111111111,,,,0.9175571428571428,0.8487444444444444,0.5290555555555555,0.8771785714285715,,0.8951888888888889,0.8903333333333333
01-29,,,0.7814555555555556,,0.8654833333333334,,0.8470833333333333,0.68931875,,0.8291444444444445,0.4421285714285714,,,,0.3638888888888889,,,0.85875,,0.8533944444444445,,0.8392888888888889,0.8624888888888889
01-30,,,,,0.8552611111111111,0.8551,0.39135,0.8301388888888889,,,0.8149388888888889,0.79794,,,,,,0.8240818181818181,,0.8482222222222222,,0.6877666666666666,0.8360222222222222
01-31,,0.8744777777777778,,,0.34224444444444446,,,0.816175,0.6204000000000001,,,0.7597066666666666,0.5217777777777778,0.8120333333333333,,,,0.8101555555555555,,0.8261466666666667,,,0.4781888888888889
02-01,,0.8778111111111111,0.8285714285714286,,0.75805,,0.7929333333333333,0.782425,,,,0.8073,,0.7515555555555555,0.8585722222222222,0.5031222222222222,,0.73995,0.8251833333333334,0.6621111111111111,0.7621944444444444,0.6053111111111111,0.44185555555555556
02-02,,,0.8009333333333333,,0.4856066666666667,,0.7857944444444445,0.83465,0.8373833333333334,0.6469555555555556,,,,0.8460833333333333,,,0.8233,,0.82643125,0.7529555555555556,,,
02-03,,0.6001777777777778,0.8430444444444445,0.7528555555555556,0.43748333333333334,,0.7881111111111111,,0.8153571428571429,0.80335,0.7727444444444445,,0.6114,0.7590333333333333,,,,0.7954333333333333,,0.7766555555555555,,,0.8302388888888889
02-04,,0.7559666666666667,,,,,0.863925,0.8152142857142857,0.7836111111111111,0.7417166666666667,,,,0.7899333333333334,,0.8082571428571428,,0.8046388888888889,0.5978,,,0.9250166666666667,0.7491
02-05,,,,0.8147333333333333,0.74886,0.8080333333333334,0.8595555555555555,,,0.8123,0.8462999999999999,0.8375333333333334,0.8128777777777778,0.6320666666666667,,0.8172444444444444,0.8591,0.8343666666666667,0.67945,,,,0.7054625
02-06,,0.8348800000000001,,,0.8636416666666666,0.8249666666666666,0.8336277777777777,,0.8085666666666667,,0.8292,0.8445666666666667,0.80994375,,,0.8036444444444445,0.8071833333333334,,0.8409222222222222,,0.9120666666666667,0.5501555555555556,0.8328
02-07,,0.6934777777777777,,0.9024300000000001,,0.8197444444444444,0.8394666666666667,,0.70275,,0.88635,0.8443777777777778,,0.5099384615384616,,0.8564090909090909,0.8123333333333334,0.8165285714285714,,0.7838,,0.40473333333333333,
02-08,,,,0.7757333333333334,,,0.8700222222222223,,0.8439555555555556,0.8347222222222223,0.8303944444444444,0.8866333333333333,0.43270833333333336,0.8563333333333334,,,0.5062,,0.8456642857142858,,0.8283545454545455,,
02-09,,,0.5158666666666667,0.4813777777777778,0.8177444444444444,0.8429,,0.8236,0.8149166666666666,0.7931666666666667,1.0391,,0.7954666666666667,,0.7921666666666667,,0.8267333333333333,,,0.8316888888888889,,,0.8429555555555556
02-10,,,,0.8194111111111111,,,0.8301428571428572,,,0.8478055555555556,0.9502055555555555,,,0.8659833333333333,0.81875,0.7071666666666666,0.826225,,,0.8399277777777777,0.7494111111111111,0.7690428571428571,
02-11,,,,0.7989222222222222,,0.8098555555555556,,,,,0.8552944444444445,0.8034769230769231,0.79938,0.5579999999999999,,0.8336722222222223,0.7303000000000001,0.7869222222222222,0.8369333333333333,,,0.8721111111111112,
02-12,,,,,0.6984777777777778,0.8001888888888888,,0.7952944444444444,,0.8652166666666666,0.8657555555555555,,,0.72282,0.758788888888889,0.8010666666666667,,,,,,0.8509888888888889,
02-13,,,,,0.5163375,,0.8726857142857143,0.4494666666666667,,0.85835,0.8374833333333334,0.8830222222222223,,,0.8108166666666666,0.7800222222222222,,,,,0.8273333333333334,0.8422692307692308,0.8508055555555556
02-14,,,,0.692,,0.8682,0.7564333333333333,0.8465111111111111,0.8204666666666667,0.8452111111111111,0.8282611111111111,0.8354944444444444,,0.7185111111111111,,,0.76085,0.84425,0.8413333333333333,,0.8231222222222222,,0.8431555555555555
02-15,,,,0.7745,0.5462666666666667,0.8726333333333334,,0.7509,0.8755722222222222,,0.8286833333333333,,,0.8383857142857143,0.8081444444444444,0.8524666666666667,0.7351666666666666,0.8464777777777778,,,0.8251444444444445,0.87985,0.8735875
02-16,,,0.8198666666666666,0.8030388888888889,0.8246666666666667,0.8706777777777778,,,0.8787625,0.9324333333333333,0.8643944444444445,0.8228,0.6271666666666667,0.8235666666666667,,,0.8264944444444444,0.80895,,,0.8248888888888889,0.8958666666666667,0.8255
02-17,,,,0.814775,,,,,0.879925,0.8588555555555556,0.9977374999999999,0.5969555555555556,0.8369777777777778,0.8416888888888889,,,,,,0.77773125,0.6656500000000001,0.7258555555555556,
02-18,,,,0.818,,,0.8412384615384616,0.6171,0.8720777777777777,0.5523555555555556,0.8458666666666667,0.5555666666666667,,0.7955277777777778,0.6924666666666667,,,,,,,0.8934111111111112,
02-19,,,,,0.7795416666666667,0.963325,,,0.8639722222222223,,,0.8272888888888889,0.6907375,0.8461222222222222,0.7875777777777778,,,0.8392222222222222,,0.8191444444444445,0.7953666666666667,,0.7606444444444445
02-20,,,,0.8116111111111111,0.81495,0.8936333333333334,0.642,0.7464,0.8749222222222223,,,,,0.8793083333333334,,0.6594944444444445,0.8376333333333333,0.8432111111111111,0.8815000000000001,0.8362222222222222,0.8085222222222223,,0.9235166666666667
02-21,,,,0.8365,0.6647222222222222,,0.874725,,0.8677055555555555,,0.6283166666666666,0.8323555555555555,0.8384222222222222,0.9262428571428571,0.7300777777777778,0.7172444444444445,,0.8540388888888889,0.7831111111111111,0.38874166666666665,0.8796666666666666,0.9616,0.8158444444444444
02-22,,,,0.8710666666666667,0.72805,,0.7576,,0.8950611111111111,,,0.7696777777777778,0.8803833333333333,,,0.8805,,0.8740944444444444,,0.8607642857142858,0.8659222222222223,,
02-23,,0.6973666666666667,,0.9051750000000001,0.8765,,0.8776625,0.8785444444444445,,0.8748071428571429,0.8790222222222223,,,0.5285333333333333,0.8770555555555556,0.6801666666666667,,0.87455,0.8907555555555555,0.8033333333333333,0.9052944444444444,,0.8708666666666667
02-24,,,0.8596888888888888,0.87126,0.8619230769230769,,0.9943777777777778,0.8540333333333333,0.8843666666666666,0.8090999999999999,,,,,,0.8829333333333333,0.8899888888888888,,,,0.85294,0.8745888888888889,0.8788333333333334
02-25,,0.8667888888888889,,0.8144222222222223,,,0.59415,0.7154666666666667,0.7726777777777778,0.8408777777777778,0.5454,0.8805333333333334,,,,0.8880888888888889,,0.9012,,0.7542,0.8864142857142857,,
02-26,,,,0.8667,0.8908727272727273,0.8691777777777778,0.9053,0.8690444444444444,0.92713125,,,0.8457444444444444,0.6944,0.6633533333333334,0.83915,,,0.7939111111111111,0.6767777777777778,0.8839,0.8817388888888888,0.9073666666666667,0.8866666666666667
02-27,,0.8915666666666667,,,0.8305166666666667,0.8939555555555555,0.8055444444444444,0.8637625,0.9086444444444445,,0.9008444444444444,,0.918925,0.8827916666666666,,,,0.8632583333333333,,0.87895,,,0.8719611111111111
02-28,,,,0.6931499999999999,0.7446,,,0.8525777777777778,0.8925375,0.8658555555555556,0.8868666666666667,,0.8455666666666667,0.8836888888888889,,,0.6878555555555556,,0.9042833333333333,,,,0.8785333333333334
02-29,0.9077,,,,0.8683,,,,,,,,0.8827222222222222,,,,,,,,,,
03-01,0.9039111111111111,,,0.6838,0.9226666666666666,,0.8870666666666667,,0.8915666666666666,,0.27126666666666666,0.8470230769230769,0.8745666666666667,0.9131833333333333,0.8720777777777777,0.8204555555555556,,0.8835,0.8940722222222223,,,,0.8545944444444444
03-02,0.9385444444444444,,,0.69316,0.8511333333333333,0.9335,0.8876666666666666,0.6197545454545454,,0.8709611111111111,0.8944666666666667,0.805,,0.9015615384615385,0.8941333333333333,,,,0.7025777777777777,0.9099888888888888,,,0.9055833333333334
03-03,0.7639444444444444,,,,,0.95532,,,,0.9016944444444445,0.70768,0.7923333333333333,0.8961722222222223,,0.53582,0.8913928571428571,,,0.8933,,,0.8872333333333333,0.8851055555555556
03-04,,,,,0.6041111111111112,,0.9018722222222222,0.8457555555555556,0.8633166666666666,0.8979111111111111,,0.8509555555555556,,,0.8228222222222222,0.8947388888888889,0.8877444444444444,,0.8721111111111111,,0.8611222222222222,0.9159055555555555,0.9029611111111111
03-05,0.8944777777777778,0.909088888888889,,,,0.8962,0.8706666666666667,,,,,0.8790444444444444,0.9022444444444444,0.8716888888888888,,0.9443,0.8924444444444445,0.8795111111111111,0.9095166666666666,0.71694,0.8699666666666667,0.9140611111111111,0.9222666666666667
03-06,0.9271777777777778,,,,0.8545555555555555,,0.921,,0.8416666666666667,,,0.8797944444444444,,,0.8725615384615385,0.7135333333333334,0.7465375,0.7079888888888889,,,,0.9032,
03-07,,,,,0.8092,,0.9233555555555556,,0.9099333333333334,0.8687,,,0.8792111111111112,0.9044777777777778,0.8962888888888889,0.9124444444444444,0.9222,,0.5545555555555556,0.8688666666666667,0.86694,,0.9007111111111111
03-08,,,,,,0.9110555555555556,0.7095333333333333,0.8824,0.9631,0.8883222222222222,,0.9135444444444444,0.90847,0.88746,0.7553,0.8899285714285714,0.90596,,,0.8978333333333334,,,
03-09,,,,,0.85895,0.8922777777777777,0.9155555555555556,,,0.7515222222222222,,,,0.7676307692307692,0.8765222222222222,,0.920625,,,0.8897222222222222,0.8704055555555555,,
03-10,0.63732,,0.8433222222222222,,0.8610666666666666,,0.8590111111111112,0.8726666666666667,,0.9144777777777778,0.9017888888888889,,,0.9054666666666666,0.8746866666666666,0.8867277777777778,,,0.9353111111111111,0.9106875,,0.8051785714285714,
03-11,,,,,0.8871,,0.9005833333333333,0.8892,,,,,0.866,0.88232,0.9595222222222223,0.8819666666666667,0.7126142857142858,0.877625,0.8333222222222223,0.7800454545454545,0.7845333333333333,0.9033625,0.7982222222222222
03-12,,,,0.90615,0.8950777777777777,0.9133888888888889,0.9160777777777778,,0.89865,,,,0.8907888888888889,0.89235,0.8775166666666667,0.8192333333333334,0.9042555555555556,,,0.6990222222222222,0.8879888888888889,1.08385,
03-13,,0.7267555555555555,,,,0.90275,0.87263125,0.8988,0.9003461538461539,,,0.8691111111111112,,0.8857,0.8893285714285714,0.8971,,0.801775,,0.8910666666666667,0.8774833333333333,,0.8875333333333334
03-14,,,,0.9030777777777778,,0.8468111111111111,0.8936499999999999,,,0.9438555555555556,,0.9054777777777778,,0.9130222222222222,,,,,0.89165,0.90161875,0.8711888888888889,0.8931111111111111,
03-15,,0.8951333333333333,0.8856888888888889,0.9121888888888889,,,,,0.780725,0.9033777777777778,,0.8795111111111111,,,0.9078833333333334,,0.8999333333333334,,,0.9128666666666667,0.8925,0.9067333333333333,
03-16,,,0.89908,,,,0.8983388888888889,,,0.89255,0.8444555555555556,0.9059111111111111,1.0112777777777777,0.892411111111111,0.8997928571428572,,0.8869777777777778,,0.9064333333333333,0.9028888888888889,,,
03-17,,,0.8741111111111111,0.9086666666666667,0.8382722222222222,,0.90915,0.8564875,,0.8207111111111111,0.9041777777777777,0.8977833333333334,0.90425625,0.8466416666666666,0.9140055555555555,,0.8844222222222222,0.8555,0.9066277777777778,0.9152388888888889,0.8948777777777778,0.8265444444444444,
03-18,,0.9246888888888889,0.8830333333333333,,,,0.897,,0.9154555555555556,0.9076777777777778,0.9325555555555556,,0.8857999999999999,0.9027944444444445,0.8964909090909091,,0.8921333333333333,0.8506333333333334,0.9152277777777778,0.8220357142857143,0.9130111111111111,0.9089777777777778,
03-19,,0.8024777777777777,,0.7592,0.8924142857142857,,0.836,,0.9095555555555556,0.9089538461538461,0.84475,0.8949277777777778,0.9025875,0.9066266666666667,0.9088777777777778,0.9127722222222222,,,0.9072777777777777,,0.8967916666666667,,0.9122333333333333
03-20,0.9266555555555556,0.9105555555555556,,0.9052777777777777,0.8797666666666667,,,,0.9216636363636364,0.9207777777777778,,0.8966500000000001,,0.90575,0.8968200000000001,0.9104222222222222,0.8857888888888888,,,,0.891325,0.91635,
03-21,,,,0.9021611111111111,,0.9003666666666666,0.8712555555555556,0.8831777777777777,0.9250722222222222,0.9254055555555556,0.9226222222222222,0.8997428571428572,0.63638,,0.8931666666666667,0.9246111111111112,0.9196666666666666,0.9006444444444445,,0.8673111111111111,0.9362444444444444,0.8359733333333333,0.9065666666666666
03-22,,,,0.9002055555555556,0.8976888888888889,,0.9308777777777778,0.8779333333333333,,0.9105769230769231,,0.7273166666666666,,,0.8150944444444445,0.9229555555555555,0.8821777777777777,0.9104444444444445,0.9174133333333333,,,0.8929666666666667,
03-23,,0.8506666666666667,,0.8759666666666667,,0.91748,,0.9103,,,,0.9139666666666667,0.9073555555555556,0.8818,0.8919333333333334,0.91924,0.8967222222222222,0.9571222222222222,0.88435,,,0.9131416666666666,0.9293
03-24,,0.8464666666666667,,0.9103111111111111,,,0.9074285714285714,0.8234,,,0.8572,0.8957222222222222,0.9103,,0.8919833333333334,0.9359500000000001,0.9055166666666666,0.80235,,,0.9088,0.9064153846153846,
03-25,0.8999666666666667,,,0.8872833333333333,,,0.9155833333333333,,,0.9982888888888889,,0.9063,0.9182944444444444,,0.9465333333333333,0.9214277777777777,0.9206,0.9038222222222222,,0.9474750000000001,,0.9167444444444445,
03-26,,,,0.9108611111111111,0.9052555555555556,,0.9045,,0.95628,0.9187,0.9071666666666667,0.9091444444444444,,0.9237888888888889,,0.8706277777777778,0.91226,,0.9244444444444444,,0.9191461538461538,0.93668,
03-27,0.9102444444444444,,,0.9057666666666667,0.9067666666666666,,0.9138777777777778,0.8964722222222222,,0.9104,,0.8970555555555555,0.8943666666666666,,0.8916888888888889,,0.9154666666666667,0.9047066666666667,0.8086555555555556,,,,
03-28,0.9318888888888889,0.9169333333333333,,,,,0.9027055555555555,,,0.8954111111111112,,0.9335266666666666,0.8957444444444445,0.9321277777777778,0.89322,0.9065444444444445,0.8515,,,,0.8827444444444444,0.9184944444444444,
03-29,,,,0.8818944444444444,0.8892,0.9039666666666667,0.9075888888888889,,,0.9302722222222222,,0.8972222222222223,0.9065888888888889,,0.8977333333333334,0.9166555555555556,0.9229611111111111,,0.9337545454545455,0.6922111111111111,0.9269916666666667,0.9093111111111111,0.7795888888888889
03-30,,0.8975000000000001,0.8938333333333334,0.8858,0.8947333333333334,,0.9150555555555555,0.8889222222222222,,,0.9156833333333333,0.835275,0.90345,,,0.902975,0.8692722222222222,0.8800555555555555,,0.91365,0.9004,0.9066666666666667,
03-31,,,0.918,0.7959,,,0.9026833333333333,0.916825,,,,0.8733888888888889,0.8868666666666667,0.9174,,0.9169,0.8890222222222223,0.8830555555555556,0.9232333333333334,0.9201555555555555,,,
04-01,0.9233,,,0.8132416666666666,0.87275,,,0.9141,0.8734944444444445,0.9138277777777778,0.9405,0.8417111111111111,0.9168777777777778,0.9024222222222222,,0.9142333333333333,0.9042083333333334,0.9092749999999999,0.92816,,,,0.9453333333333334
04-02,,,,0.7692888888888889,,0.917625,0.8682222222222222,0.9088833333333334,0.8994388888888889,0.93065,0.9340611111111111,0.8893444444444445,0.91905,,,0.8454733333333333,0.8980888888888889,0.8920111111111111,,,0.91945,,
04-03,,0.8971111111111111,,0.9050571428571429,,,,0.909475,0.9066000000000001,0.93142,,0.8859055555555556,0.7840833333333334,0.8974333333333333,0.9016666666666666,,0.94795,0.8178777777777778,0.9302357142857143,,0.9164,,
04-04,,0.9113555555555556,0.8933,0.9189,0.9145666666666666,,,0.9129666666666667,0.9427222222222222,0.9098222222222222,,0.8851111111111111,0.9240611111111111,,0.9221555555555556,,,0.8466666666666667,,0.9102888888888889,0.8944166666666666,,
04-05,,,0.9193428571428571,0.90546,0.9085222222222222,0.9307333333333333,,0.9111111111111111,,0.9196,0.9178666666666666,0.8980277777777778,0.9191833333333334,,0.9099818181818182,0.9345111111111111,0.9274444444444444,0.8917923076923077,0.85765,,0.9128555555555555,0.9170875,0.9078
04-06,,,,0.9256111111111112,0.9333,,,0.9219388888888889,,0.9269333333333334,0.9375166666666667,0.8918277777777778,0.9045923076923077,0.8682166666666666,,0.9234444444444444,0.9163444444444444,,0.8920888888888889,0.7733,0.91195,,0.9027555555555555
04-07,,,,0.8426666666666667,0.8863,0.9345428571428571,0.9189555555555555,0.89137,0.8593428571428571,0.8808111111111111,0.8576944444444444,0.8841944444444445,0.75884,0.8969111111111111,,0.9222444444444444,0.9308,,,0.9123166666666667,0.9174111111111112,,0.9355777777777777
04-08,,0.850725,,,0.9124133333333334,0.9730111111111112,0.9226111111111112,0.9117111111111111,0.9174,0.9251277777777778,,,,,0.9141444444444444,,0.9098333333333333,,,0.9193055555555556,0.9407333333333333,0.9187777777777778,
04-09,,0.91356,0.836,0.8472166666666667,0.8869166666666667,0.8937444444444445,0.9133888888888889,0.9316166666666666,0.9135611111111112,0.9391222222222222,,0.8199333333333334,0.915475,0.9316111111111112,,0.9013,,0.9509833333333333,0.9172444444444444,0.9413777777777778,0.9197461538461539,,
04-10,0.9351111111111111,0.9150222222222222,,0.874788888888889,0.9203916666666667,0.9498083333333334,,0.9397277777777778,0.9032111111111111,0.9128555555555555,,,0.9275285714285715,0.9172388888888889,0.9069722222222222,0.9197944444444445,0.9313333333333333,0.9876333333333334,0.9052555555555556,0.9193833333333333,0.9074333333333333,,
04-11,0.9357555555555556,,0.9383333333333334,0.9090833333333334,0.9304,,0.90816,1.0037285714285713,,,0.9167333333333334,0.9120944444444444,,0.9327777777777778,0.8954666666666666,0.9107,0.91325,0.9351,,,,,0.8135444444444444
04-12,,,,,0.8853615384615384,0.9091333333333333,0.9293611111111111,,0.8579777777777777,0.9137777777777778,0.709425,,0.8910722222222223,0.9206,,,,0.9331277777777778,0.8844777777777778,0.9147888888888889,,0.9024277777777778,0.9258777777777778
04-13,,0.9211,0.9025777777777777,0.8710777777777777,0.9403833333333333,,0.9273166666666667,0.7919444444444445,,0.9028611111111111,0.8969111111111111,0.9213333333333333,0.8929555555555555,,0.89525625,0.9160111111111111,0.9012111111111111,0.92526,0.9295611111111111,,0.9194583333333333,0.9201,0.9109444444444444
04-14,,,,0.9354866666666667,,0.84484,0.9640222222222222,,,0.9213555555555556,,0.96372,0.8769944444444444,0.9206923076923077,,0.9136277777777778,0.9388388888888889,,0.9345,,0.9109,0.9424555555555556,0.9219333333333333
04-15,,0.9099222222222222,,,0.9304222222222223,,,,,0.9055777777777778,,0.9103714285714286,,0.9359055555555555,0.8960181818181818,0.9295555555555556,0.8911333333333333,0.9570222222222222,,0.89954,0.9062,,0.9401777777777778
04-16,0.9438333333333333,,0.9156555555555556,0.9159333333333334,,,,,0.9203,0.87795,,0.9245875,0.9193066666666667,0.89905,0.92585,0.94232,,,,0.83678,0.9409333333333333,,0.9162444444444444
04-17,0.9466444444444444,0.9535666666666667,0.9458428571428571,,0.8944444444444445,,,,0.9425611111111111,0.9162166666666667,,0.9493466666666667,0.9228055555555555,0.9216642857142857,0.9083111111111111,,0.9278444444444445,0.9572666666666667,,,0.9131388888888889,0.9293666666666667,0.9179944444444444
04-18,0.9123333333333333,0.9213,0.9234555555555556,,0.9153222222222223,0.9173666666666667,,0.8461666666666666,0.9365888888888889,,,0.8871833333333333,0.8022533333333333,0.9181166666666667,,0.9187777777777778,0.9408666666666666,0.9155285714285715,0.9022055555555556,0.9264666666666667,0.9373642857142858,0.94355,
04-19,0.9485333333333333,,0.9281,,0.9273785714285715,0.9337222222222222,,0.9250055555555555,0.8844777777777778,0.8865111111111111,0.9283555555555556,,,0.8900444444444444,0.9189444444444445,,,0.9265,0.886075,0.9055454545454545,0.9153055555555556,0.9425444444444444,
04-20,0.9356555555555556,0.9405,0.9490888888888889,0.90755,0.9354444444444444,0.9135388888888889,0.9129,0.9163833333333333,0.9191611111111111,,0.9331,,,0.9261222222222222,0.9236833333333334,0.9028888888888889,0.8265166666666667,0.9236444444444445,0.9472888888888888,0.9293266666666666,,0.9428266666666667,
04-21,0.9354666666666667,0.9243777777777779,0.8985666666666666,,,0.9173722222222223,0.9281277777777778,0.9095,0.9253611111111111,,0.9120222222222223,0.8987222222222222,,0.9251722222222223,,,,0.8489111111111112,,0.9669555555555556,,0.93666,0.9287333333333333
04-22,0.9398222222222222,,,0.9022866666666667,0.9295055555555556,0.9257111111111112,0.8812888888888889,0.9393333333333334,,0.8593000000000001,0.9212555555555556,0.954775,0.9313,0.90316,0.8873611111111112,0.9245777777777778,,0.9333555555555555,0.9410611111111111,0.9431388888888889,0.9168,,0.9276055555555556
04-23,,0.9252333333333334,,0.9078428571428572,0.9184571428571429,,,0.9310722222222222,,,,0.9432555555555556,,0.9544,0.9278,,,0.95641,0.9369611111111111,0.8552777777777778,0.9346363636363636,,
04-24,,,,0.9011555555555556,0.9127111111111111,,0.93675,0.9345055555555556,,,0.9156722222222222,0.9023666666666667,0.9317777777777778,0.92845,0.8982111111111111,,,0.9564555555555556,,,0.9168833333333334,,0.9099222222222222
04-25,,,,0.9369722222222222,0.9087777777777778,0.9426277777777778,0.92595,0.9361166666666667,0.9137777777777778,,0.93285,0.93595,0.94785,0.8969357142857143,,,,0.9293388888888889,0.9032333333333333,0.9408888888888889,,0.9167777777777778,0.9267222222222222
04-26,,,,0.9718533333333333,0.9276333333333333,,0.9495555555555556,,0.9052833333333333,0.9036666666666667,0.92324,0.9438153846153846,0.9162733333333334,,,,,,0.9329944444444445,0.9292777777777778,,0.9054333333333333,0.9743999999999999
04-27,,0.9286333333333333,,1.0016333333333334,0.9652222222222222,,0.9332833333333334,,0.9110444444444444,0.9377888888888889,,0.8648,0.9197277777777777,,0.75515,,,,,0.9392,,,0.6988777777777778
04-28,,0.8894444444444444,,0.9854333333333333,,,,0.7320222222222222,,,,0.924175,0.9363611111111111,,0.911,,,0.9167333333333333,0.9164333333333333,,0.9160222222222222,,0.9441944444444444
04-29,,,0.9337,,,,1.024225,,0.9122363636363636,0.9273785714285714,,0.9310944444444444,,,,,0.9108916666666667,0.9337166666666666,0.8924222222222222,0.9287333333333333,0.9202888888888889,0.9236777777777778,
04-30,0.9046222222222222,,0.925088888888889,,,0.8421833333333333,0.9013222222222222,,0.9094444444444445,,0.9304,0.9207,,,,0.8878777777777778,0.9898111111111111,0.9222833333333333,0.9571333333333334,0.9263944444444444,,,0.9320388888888889
05-01,1.0318777777777777,,,,,0.9480055555555555,0.9667583333333334,,,,0.8988222222222222,,,,,,,0.9472,0.9236444444444445,0.9366222222222222,,,
05-02,,,0.9716833333333333,0.9296944444444445,,0.9459866666666666,0.9499833333333333,,0.9092666666666667,0.8176444444444444,0.8945388888888889,0.9564571428571429,,0.9226277777777778,,,,0.9404923076923077,0.9124416666666667,0.9567611111111112,0.92545,,0.9284833333333333
05-03,,,,,,,,0.9098722222222222,,,0.9140611111111111,,1.0454,,0.9599888888888889,0.8862111111111111,0.9308722222222222,,,0.9339,0.9179944444444444,,0.9400388888888889
05-04,,0.8971888888888889,0.9042222222222223,,,0.9517444444444444,0.9540818181818181,,,,0.9265388888888889,0.9362166666666667,,0.9200611111111111,,0.6609777777777778,0.8965,0.9277166666666666,0.9575611111111111,,0.88335,0.9309933333333333,0.8762888888888889
05-05,0.9092666666666667,,,0.9471611111111111,,0.9556833333333333,0.9415277777777777,,,0.9343777777777778,,,,,0.778,,0.9567222222222223,0.9103333333333333,0.93435,,,,0.9405611111111111
05-06,,0.86085,,0.9505722222222222,0.842725,0.9590111111111111,0.9256777777777778,0.9473888888888888,,,,,0.8652,0.9440944444444445,0.7814722222222222,,,,,,0.87502,0.9033555555555556,
05-07,,,,,0.9353272727272727,,0.9299,,,,0.9434400000000001,0.9355833333333333,,,0.9041611111111111,,0.9975076923076923,0.93705,0.9351222222222222,0.8563,0.9282533333333334,,
05-08,0.8845555555555555,,,,0.9653777777777778,0.9026111111111111,0.9609555555555556,0.8745166666666666,,0.9336222222222222,0.949775,0.9287222222222222,,0.9464666666666667,0.9084444444444444,,,0.9352111111111111,0.9314833333333333,,0.9200055555555555,,
05-09,,,,,,,,,,,,,,0.9335277777777777,0.9105111111111112,,,,0.9394666666666667,,0.9410333333333333,0.8878833333333334,
05-10,,0.9101555555555556,,0.9085133333333333,,0.9351545454545455,,,,,0.9237833333333333,,,0.9531461538461539,0.8885944444444445,0.9263222222222223,,,0.9362055555555555,,0.9276277777777777,,
05-11,0.9279,0.9078111111111111,,0.9619222222222222,0.93835,0.9300222222222222,,0.9384555555555556,,,0.9336944444444444,,,,0.903625,0.9438555555555556,0.9397,,,,0.9416111111111112,,
05-12,0.9317777777777778,0.8898714285714285,,,,0.9289555555555555,,0.9032055555555556,,,,0.9483055555555555,,,0.91065,,,,0.9394,0.9513333333333334,,0.9072888888888889,
05-13,0.8585888888888888,0.9056666666666666,,0.90519375,,,0.9085277777777778,,,0.9501437500000001,,,,0.9091111111111111,,,,,,,,,
05-14,0.9012222222222223,0.9348222222222222,,,0.82706,0.9520888888888889,,,0.86556,,,0.9619111111111112,,0.9175666666666666,,0.9476722222222222,,0.8211888888888889,,0.9461333333333334,,,
05-15,0.9455555555555556,0.9088777777777778,,,,,0.8910388888888888,,,0.9238500000000001,,,0.8894666666666666,,0.8822388888888889,,,,,0.9171666666666667,0.9144222222222222,0.8313,
05-16,,0.9058444444444445,,0.9188444444444445,,1.012025,,0.9399,,0.9466944444444444,0.9408333333333333,0.8834777777777778,0.8972833333333333,,0.8666083333333333,1.0337888888888889,,0.8303666666666667,1.0453,0.9362777777777778,0.8834857142857142,0.9498111111111112,0.8230888888888889
05-17,,,,0.9097833333333334,,0.93795,0.8514722222222222,,,,0.9060277777777778,,,,,0.9353111111111111,,0.7767999999999999,0.9990722222222223,0.9341111111111111,,,
05-18,,,0.8745111111111111,,,,,,,,0.8966111111111111,0.9264555555555556,,,0.91484,0.9377333333333333,,,0.94935,0.9546111111111111,0.9431277777777778,0.9195833333333333,
05-19,,,,,,0.6171083333333333,0.9438,0.5142888888888889,,0.8773133333333334,,0.8967111111111111,0.8942722222222222,,,0.7889888888888889,,,,,,0.9384833333333333,
05-20,0.9016666666666666,,,0.5619666666666666,,,,0.9387384615384615,,,,,,0.9298833333333333,,,0.9258222222222222,,,,0.9355388888888889,0.9141722222222222,
05-21,,,,,,0.9169555555555555,,0.9268545454545455,,,,,,,,0.9804,,,,,,,
05-22,,,,,0.9500222222222222,,0.8318444444444444,0.8923333333333333,0.5814444444444444,,,,0.93436,0.9352722222222223,,0.7865888888888889,,0.7491222222222222,0.9550333333333333,,0.9206388888888889,,0.9408722222222222
05-23,0.9376,0.7438888888888889,,,0.64014,0.9001666666666667,,0.8491166666666666,,,,,,0.9125166666666666,,,0.8603000000000001,,,,,0.9231833333333334,
05-24,,0.6883666666666667,,,,,,0.9540388888888889,,0.9076333333333333,,0.8865333333333334,,0.9422,,0.5569222222222222,,0.7405555555555555,,,,0.9317277777777778,
05-25,,,0.9207333333333333,,,,,,,0.9016444444444445,,,0.9281,,0.7818277777777778,,,,0.9359999999999999,,,0.9329611111111111,
05-26,,0.5486333333333333,,0.6021111111111112,,,0.8224,,0.525575,,0.8664611111111111,0.9697777777777777,,,0.3771555555555555,0.9786,,0.6600611111111111,,,,0.9270428571428572,
05-27,0.9156555555555556,,,,,,0.8184444444444444,,,,,,,,,0.9098333333333333,,0.6496888888888889,,0.9385111111111111,0.9677333333333333,0.9278833333333334,
05-28,,,,,0.9416888888888889,0.8490777777777778,,0.9191833333333334,,,,,,,,,,0.5660444444444445,0.9496833333333333,,,,
05-29,,,,,,0.7322166666666667,,0.9133142857142857,0.6606333333333333,0.30766666666666664,0.358925,,,,0.5341666666666667,,,0.45555999999999996,0.9294444444444445,,,,0.9293722222222223
05-30,0.89612,,,,,,,,,,0.7734,,,,0.43688333333333335,,,,,,,,
05-31,,,,,0.8308222222222222,0.7727944444444445,,,,,,,,,,0.8971818181818182,,,0.8078333333333333,0.8435,,,
06-01,,0.3842333333333333,,,,0.7814,0.6200363636363636,,,,,0.8819944444444444,,,0.34700555555555557,,0.8949444444444444,,0.7410666666666667,0.7683,0.8727428571428572,1.10588,
06-02,,0.2498,,0.6406,0.8326833333333333,0.6080722222222222,,,,,,,,0.9531666666666667,0.33723333333333333,,,0.2738833333333333,0.9243,,0.96934,,0.8256777777777777
06-03,,,,,,0.5064333333333334,,,,,0.5704222222222222,,,0.8331333333333333,,0.8769777777777777,,0.3152666666666667,0.9246,,,0.45676666666666665,0.7837222222222222
06-04,0.861688888888889,,,,0.8427,,0.5239611111111111,,0.37566666666666665,,0.48044444444444445,,0.6884666666666667,,,0.73105,,,0.9253,0.4479944444444444,,,0.7233166666666667
06-05,,0.5420222222222222,,,,,0.7006555555555556,,,0.8116444444444445,0.5113222222222222,0.6807333333333333,0.7983222222222222,0.8680642857142857,0.4206,0.8582857142857143,,,0.9167111111111111,0.4104333333333333,0.8984833333333333,,0.6094111111111111
06-06,,,0.7333999999999999,0.4596777777777778,,0.48924,0.4335333333333333,,,,,,0.8550388888888889,0.8767666666666667,0.4061,0.8607111111111111,,,,0.287775,0.8653666666666666,,0.5894388888888888
06-07,0.9163111111111111,0.19677777777777777,0.5389777777777778,,,,,,0.8020055555555555,0.8055722222222222,,,,0.8561777777777778,0.32172,,0.8537888888888889,,,,0.9135857142857143,,0.5345
06-08,,,,0.4053333333333333,,,0.3189714285714286,,0.5912615384615385,0.8666444444444444,,,,0.7801777777777777,,,0.8665111111111111,0.30004444444444445,0.9194888888888889,0.2051625,,0.9131166666666667,0.40285
06-09,0.8009111111111111,,,,,0.3226333333333333,0.35773333333333335,,,,,0.5654555555555555,,0.7979444444444445,,,,,0.8558666666666667,,0.8071,0.832525,0.39949444444444443
06-10,0.8319555555555556,0.5938888888888889,,,,0.3725277777777778,0.44455,0.8104722222222223,0.5345222222222222,,,,,,,0.7369666666666667,,,,,0.7681388888888889,0.7910388888888888,0.425325
06-11,0.7906222222222222,,,,,0.36009,0.48525,,,,0.5347,,0.5909666666666666,0.5151222222222223,0.36244,0.75525,0.6067166666666667,,0.8923571428571428,,0.6843944444444444,0.7502166666666666,0.4362933333333333
06-12,0.7275222222222223,,0.27663333333333334,,,,0.43388571428571426,0.7774555555555556,0.3441111111111111,,,,,0.46520555555555554,,0.6188833333333333,0.6465666666666666,,0.8196666666666667,,0.5861999999999999,0.7922555555555556,0.3751833333333333
06-13,0.6488666666666667,0.5810111111111111,,,0.545125,0.4065611111111111,0.5551384615384616,,0.2778333333333333,0.2813111111111111,0.5352055555555555,,,0.4021363636363636,0.32934444444444444,0.4952111111111111,0.4926125,0.3571333333333333,0.5453111111111111,,0.39001111111111114,0.6835833333333333,0.3047222222222222
06-14,,0.5529857142857143,,,,0.4396277777777778,0.5519214285714286,0.5692384615384615,0.2653388888888889,,0.5912222222222222,,,0.3469333333333333,,0.50331875,,0.37403333333333333,0.7735111111111111,,0.4524388888888889,0.839911111111111,0.2952666666666667
06-15,0.5702555555555556,,,0.4945,0.4032777777777778,,0.47357692307692306,0.5129777777777778,,,,0.2833277777777778,0.4648666666666667,0.3102666666666667,0.6036,,0.3310111111111111,,0.5432055555555555,,,0.6644222222222222,
06-16,,,,,,,0.5170611111111111,,,0.27778888888888886,,0.33343333333333336,,0.4035222222222222,0.546,,0.29012777777777776,0.4587222222222222,0.4473090909090909,0.18767272727272727,0.43401666666666666,,0.39205625
06-17,0.5246999999999999,,0.5035333333333334,0.3601,0.3969666666666667,,,0.3268,0.2609611111111111,0.2926416666666667,,0.35820555555555555,,0.36345555555555553,0.5665444444444444,,0.34220666666666666,0.27704,0.5733166666666667,0.32759444444444447,0.4629611111111111,,0.47357692307692306
06-18,0.1733222222222222,,,0.3624222222222222,,,0.5207222222222222,0.3426222222222222,0.3431,0.21512222222222221,,0.42033333333333334,,0.3618388888888889,0.5779722222222222,0.39204375,,0.45008888888888887,0.3871,0.36062777777777777,0.5757857142857142,,0.4090857142857143
06-19,,,0.24637777777777778,0.46073333333333333,,,,,0.3778,0.3295388888888889,0.47878888888888893,,0.3233142857142857,,0.59714,0.3611,,0.16066666666666668,,0.25794,0.6002000000000001,,0.4559888888888889
06-20,0.26363333333333333,,0.29354444444444444,0.43078,0.26188333333333336,0.4361888888888889,,,0.4311785714285714,0.26964444444444446,0.47319285714285714,0.39566666666666667,0.3655857142857143,,0.5231714285714286,,,0.3737388888888889,,0.4237444444444444,0.5584333333333333,,0.48978333333333335
06-21,0.4281666666666667,,0.37093333333333334,0.48459444444444444,,0.3980666666666667,,,0.3917,,,,0.41234444444444446,0.4329,0.4993222222222222,,,0.39588666666666666,,,,0.6375111111111111,0.41439444444444445
06-22,,,0.1897,0.5122,0.4753777777777778,0.45578888888888885,,0.23827777777777778,,0.24936111111111112,0.44835555555555556,,,0.49009444444444444,,,,0.39574000000000004,,0.5177,0.6121142857142857,0.5061777777777778,0.3539333333333333
06-23,,,0.3751,,0.35205000000000003,,,,0.5079,0.2011111111111111,,,,0.4913888888888889,0.44558888888888887,0.5994,0.35581875,,0.26693333333333336,0.5315666666666666,0.6220555555555556,,
06-24,,,,,0.36850555555555553,,,0.2492,,0.34291666666666665,,0.47081666666666666,,0.5187833333333334,0.45485833333333336,0.46335714285714286,0.29451666666666665,0.17147777777777778,0.33193333333333336,,0.5822888888888889,,0.3213111111111111
06-25,,,0.4543,0.6402,0.38332222222222223,0.1645111111111111,0.32545,,0.4214,0.5032055555555556,0.4188111111111111,,,0.6064333333333334,0.39507692307692305,0.22133333333333333,0.41857777777777777,0.0068,0.25786875000000004,0.49065,0.4134333333333333,0.5387222222222222,0.35485555555555554
06-26,,,0.5729444444444445,,0.4667777777777778,,,0.2675222222222222,0.4311111111111111,0.5152944444444444,0.29593888888888886,0.44006666666666666,,0.6182333333333334,0.46613333333333334,,0.3321090909090909,0.003288888888888889,0.3024266666666667,0.46310555555555555,0.5123388888888889,,0.30448888888888886
06-27,,,0.5279666666666667,0.29802,0.5571333333333334,0.39845833333333336,0.0029833333333333335,,0.3567857142857143,0.4702857142857143,0.28803333333333336,,,0.44539999999999996,0.4083111111111111,0.4357611111111111,0.43595,0.0076875,0.36441111111111113,0.3454055555555556,,0.4778222222222222,
06-28,,,0.4415222222222222,0.46489444444444444,0.4744888888888889,,0.0032444444444444443,0.21208888888888888,0.3395611111111111,,0.23025555555555557,,,,0.4654666666666667,,0.4299777777777778,0.007316666666666667,,0.33845,,0.5561666666666667,
06-29,,,,,,,0.025655555555555553,0.2929,0.24186666666666667,0.2985888888888889,0.28658333333333336,0.4539944444444444,0.2947222222222222,0.3961,,0.44489999999999996,0.42865555555555557,-0.00010000000000000006,0.7642,,,0.43794444444444447,
06-30,,,0.45415555555555553,,,0.413125,0.0027555555555555554,0.3450111111111111,0.23353125,0.5207777777777778,0.24115833333333334,0.4599333333333333,,,0.43488666666666664,0.19443333333333332,0.38001875,0.0025055555555555556,,0.2520142857142857,0.4769777777777778,0.33042777777777776,
07-01,,,0.4908,,,,0.0010777777777777778,0.48351666666666665,0.15437777777777778,0.49493333333333334,,,,,0.33612142857142857,0.5433555555555556,0.37399444444444446,0.037145454545454544,0.5366444444444445,,0.4712142857142857,,0.002822222222222222
07-02,,,0.40807777777777776,0.4602,,0.17857857142857142,,0.4300388888888889,0.005246666666666667,0.5107277777777778,0.3718166666666667,,0.3866111111111111,,0.38301666666666667,,0.1307222222222222,0.0020944444444444443,0.5913222222222222,0.16037333333333334,0.40025555555555553,0.3569111111111111,0.022922222222222222
07-03,0.19981666666666667,,0.3598222222222222,0.3189666666666667,,,0.0037,,0.06367777777777778,,0.1331,0.25517222222222224,,,,0.5554666666666667,,,0.567575,0.0035444444444444447,,,0.0012555555555555555
07-04,0.22696666666666668,0.05056666666666667,0.2956888888888889,0.13702777777777778,0.3610090909090909,0.0041444444444444445,0.003611111111111111,0.5569999999999999,,0.36073333333333335,0.005988888888888889,0.008122222222222222,0.32837777777777777,0.39247777777777776,0.018818181818181817,0.49317222222222223,0.25092777777777775,,0.6107222222222223,0.06573333333333334,,,
07-05,0.2098888888888889,0.003988888888888889,0.34402222222222223,0.004488888888888889,0.357,0.04257142857142857,0.0391,,,0.37616666666666665,,0.047905555555555555,0.3059777777777778,,,0.4447111111111111,0.3450111111111111,0.0012666666666666666,,0.0332,0.3558111111111111,0.3897222222222222,
07-06,0.15356666666666666,0.005177777777777778,,0.004072222222222222,0.31649444444444447,,0.04252,,0.014755555555555555,,0.003638888888888889,0.009611111111111112,0.244225,0.1388,0.15545,0.4144777777777778,0.2323625,0.004066666666666667,0.41838888888888887,0.09920000000000001,0.27724444444444446,0.26505555555555554,
07-07,0.11226,,,0.0145,0.2734722222222222,0.0027277777777777778,,,-0.002,0.3507611111111111,,0.0031777777777777776,0.134075,0.29215,0.06023333333333333,,-0.000375,,0.45393333333333336,0.06850555555555556,,,0.0135
07-08,,0.004322222222222222,0.3382,0.08197777777777777,0.29064285714285715,,0.048355555555555554,,0.04936666666666667,0.3267277777777778,-0.00018888888888888888,,0.1045,0.21286666666666665,,0.3751111111111111,0.0002000000000000001,0.037366666666666666,,-0.0007777777777777777,0.0021111111111111113,,
07-09,,0.0054444444444444445,0.2157777777777778,-0.0008666666666666666,0.22638333333333333,,0.06715,0.31847777777777775,0.0012333333333333332,0.0018333333333333333,,0.00433,0.12091818181818181,,,,0.12915454545454547,,,0.14844285714285715,0.04795555555555556,0.0003916666666666667,0.0007555555555555555
07-10,0.0562,0.002088888888888889,0.050355555555555556,0.002127777777777778,0.19797777777777778,,,0.2867388888888889,,0.20078,,0.03024,0.030155555555555554,0.12243125,0.002988888888888889,0.15797777777777777,0.11934444444444445,0.003822222222222222,,,-0.006066666666666666,0.03403333333333333,0.0041
07-11,0.019566666666666666,0.003277777777777778,,0.003933333333333333,,0.004477777777777778,0.0012799999999999999,0.2839277777777778,,,0.0011357142857142857,0.006322222222222222,,0.0765,0.0003222222222222223,0.3443,0.002061111111111111,0.010922222222222222,,,0.060755555555555556,,
07-12,,0.002522222222222222,0.04518333333333333,0.0051916666666666665,0.3663222222222222,,0.002577777777777778,0.26742777777777776,0.002277777777777778,-0.00011666666666666656,0.0007642857142857143,0.08217777777777778,,0.004766666666666667,-0.00016666666666666663,,,0.002611111111111111,,,,,-0.004866666666666667
07-13,0.17805,0.0020444444444444447,,0.05963333333333333,0.10879444444444444,0.004411111111111111,0.003188888888888889,0.06346666666666667,5.000000000000001e-05,0.004016666666666667,0.059922222222222224,0.10833333333333334,,,0.0006777777777777778,,,,,,,0.0091,-0.00023888888888888893
07-14,0.003411111111111111,0.0038888888888888888,0.004228571428571429,,0.005016666666666667,0.0029055555555555553,0.0429,,0.003022222222222222,0.0003222222222222222,0.0007722222222222222,,,0.0013277777777777778,0.02872777777777778,0.36225555555555555,0.020376923076923077,,,,0.0029111111111111113,,-0.0015611111111111112
07-15,,,,,,0.16353333333333334,,0.06054,,0.13776666666666665,0.0027277777777777778,0.003938888888888889,,0.02898888888888889,0.09897142857142857,0.21067272727272726,,,0.0044555555555555555,0.09280000000000001,,0.003661111111111111,0.01634
07-16,,0.06638888888888889,,0.0026,,,,0.42694,,-0.002288888888888889,0.0027277777777777778,0.0041,,,,,,,0.003277777777777778,-0.00295,0.009907692307692308,,
07-17,0.06197777777777778,,0.029686666666666667,0.0032611111111111113,0.003425,0.007821428571428571,,,,0.03493888888888889,0.017142857142857144,,,,,,,,0.03635555555555556,,,,0.0005666666666666666
07-18,0.0027222222222222222,,,0.0021333333333333334,0.09193333333333334,0.05427777777777778,,,0.0021333333333333334,0.0011777777777777778,,,0.004438888888888889,,0.0016,0.0023777777777777777,0.05411666666666667,,0.07265555555555556,,,,
07-19,0.0024000000000000002,0.0025444444444444442,,0.002811111111111111,,,0.0295,,0.24345,-0.0012444444444444445,8.888888888888888e-05,0.04026,0.019322222222222223,0.009027777777777777,,,0.002788888888888889,0.0469,0.0021444444444444445,0.18376666666666666,,0.017533333333333335,0.00695
07-20,-0.006677777777777778,0.05528333333333334,,0.0008888888888888888,0.02652222222222222,0.05106666666666667,,0.0023555555555555556,0.002683333333333333,0.0014833333333333332,0.0024444444444444444,0.004755555555555555,0.002322222222222222,0.001892857142857143,,,,-0.0002833333333333334,0.002322222222222222,,-0.002142857142857143,,0.002188888888888889
07-21,0.003511111111111111,0.0012222222222222222,,0.0029055555555555558,,,,0.08313333333333334,0.003788888888888889,,0.004233333333333333,-0.0008615384615384618,,,0.006338888888888889,0.07055384615384615,0.0028444444444444446,0.2042,0.002007142857142857,,,0.00838,0.012363636363636365
07-22,0.007244444444444445,0.0017222222222222222,0.0022444444444444443,0.0013222222222222222,0.0037777777777777775,,,,,,,0.009553333333333334,,,0.0573,0.0024833333333333335,,,,,,-0.0029777777777777775,0.0004111111111111111
07-23,,0.0020444444444444447,0.0007555555555555555,0.02906111111111111,0.01095,,0.0038,0.0162875,0.004161111111111111,0.0961,0.0034333333333333334,0.002844444444444445,,,0.061233333333333334,0.0025444444444444447,0.0174,0.0024666666666666665,,,0.0229,,-0.00299375
07-24,0.0028444444444444446,0.0009555555555555555,0.0019944444444444445,0.09575555555555555,,0.0038777777777777777,0.0002777777777777778,,,-0.0009277777777777776,0.002477777777777778,,,0.0025166666666666666,,0.12967333333333333,0.005483333333333333,,0.04069444444444444,-0.0025733333333333333,,,0.0016944444444444444
07-25,0.001511111111111111,0.0026555555555555555,,0.0024666666666666665,,,,,,0.0447,,0.0006333333333333333,0.0025944444444444444,-0.009158333333333333,0.0003666666666666666,,,-0.004433333333333333,0.0032277777777777778,0.004833333333333334,0.0017555555555555556,0.1096,0.0014833333333333332
07-26,0.0036888888888888887,0.015633333333333332,0.002127777777777778,0.0020833333333333333,,,,,,,,,,0.0028388888888888886,0.159325,,,0.055355555555555554,0.0011444444444444445,,-0.0005277777777777778,,-0.002172222222222222
07-27,,0.0025666666666666667,0.00215,0.0013111111111111112,,,0.01866,,0.005533333333333334,,0.0036,,-0.0002555555555555556,0.0033777777777777777,0.19222777777777778,0.21574444444444446,0.0030722222222222223,0.0009222222222222222,,0.06259285714285714,0.0009944444444444445,,0.002
07-28,0.04688571428571429,0.0031555555555555555,-0.0014444444444444444,0.2389,0.0017277777777777777,,,,0.02614375,0.0033777777777777777,0.009961538461538461,,,0.18772222222222223,,,0.0213,,,,0.0009833333333333332,0.004477777777777778,
07-29,,,0.0022222222222222222,0.002416666666666667,0.010933333333333333,,,,0.00275,-0.0008333333333333333,,0.0016833333333333333,0.41111333333333333,0.057166666666666664,0.36145555555555553,,0.051,0.31753333333333333,,,,,
07-30,,0.002211111111111111,0.0019111111111111113,0.18568666666666667,0.0020722222222222223,,,0.03763333333333333,0.0014888888888888888,-0.0001944444444444446,,,0.0286,,,,0.001511111111111111,0.005755555555555555,,,,0.0027944444444444444,
07-31,,,0.0020777777777777778,0.038783333333333336,0.0018111111111111112,0.0012111111111111112,0.0022,0.002211111111111111,0.010741666666666667,0.0013388888888888888,,,,0.0025555555555555557,0.00019999999999999998,,,0.0048312500000000005,0.07404285714285715,0.0004333333333333333,,-0.0013166666666666667,-0.0003857142857142857
08-01,0.0018,,,,,,,,,0.00014444444444444444,0.0025555555555555557,0.003077777777777778,,,0.03737777777777778,,0.00095625,,-0.01,-0.0034666666666666665,,,
08-02,0.015,,0.002033333333333333,7.777777777777777e-05,0.0008222222222222222,0.0026222222222222224,,,,-0.0027222222222222222,0.0009,,,,,,,,,,0.0022333333333333333,,
08-03,,,,0.00265,0.0017777777777777779,,0.05343846153846154,,,0.0194,,,,,0.05175,,,,0.007372222222222223,,-0.0043,,
08-04,0.0018666666666666666,,-0.001,,0.0023944444444444443,,0.0018722222222222222,,,,,,,,,0.004188888888888889,,,,-0.0009777777777777777,0.0019166666666666668,,
08-05,,0.0129,,,,,0.0009166666666666666,0.0031,,,,,0.06523333333333334,0.00295,,0.00021666666666666666,,0.00022777777777777778,,,-0.0006388888888888889,,
08-06,,,9.03501810404587e-21,0.022256249999999998,,,0.0026222222222222224,,,-0.0008944444444444443,,,,0.00155,,0.002511111111111111,,,0.006688888888888889,-0.0011777777777777778,,,0.0029444444444444444
08-07,,,,,,,,0.0012277777777777777,,-0.0018055555555555555,-0.00018333333333333328,,,0.0028055555555555555,,0.00155,0.0030722222222222223,,,0.0481,0.0006722222222222222,,0.003033333333333333
08-08,,0.0035444444444444442,,,,,,,0.014199999999999999,,0.0008,,,-0.0014055555555555555,0.003577777777777778,,0.0016444444444444445,,,,-0.0014611111111111112,,0.0005944444444444444
08-09,,0.002,0.0015277777777777776,0.002966666666666667,,,0.016078571428571428,,,0.006492857142857143,0.001661111111111111,,-0.0017111111111111112,-0.0022944444444444444,,-0.0009083333333333334,0.00255,0.0015055555555555556,0.0017933333333333334,,0.05084545454545455,,0.00024999999999999995
08-10,,,0.0030166666666666666,0.0014777777777777777,,,0.0024333333333333334,-0.0002555555555555556,0.0005222222222222222,,-0.0007333333333333333,,0.22984285714285713,0.03570769230769231,,0.0032722222222222224,,0.003266666666666667,,,0.0033444444444444446,0.0037833333333333334,0.001288888888888889
08-11,,0.0013666666666666669,0.004505555555555555,,,,,,-0.0016857142857142858,,0.0005,,,0.0006166666666666666,,0.002361111111111111,-0.0003,0.25725,,,0.0004777777777777778,,
08-12,,,,,,,,,0.002488888888888889,0.0008666666666666666,,,,0.0002777777777777778,,,0.0025722222222222223,0.0015444444444444444,,,0.0010999999999999998,,-0.0037133333333333337
08-13,,,,,,,,,0.054154545454545455,0.0012866666666666666,,,,,,,0.011483333333333333,,,-0.003088888888888889,0.08582777777777778,,
08-14,,,,,0.0015277777777777779,,0.006361111111111111,,0.25886666666666663,,,,,0.003,,0.0038333333333333336,3.88888888888889e-05,0.01957333333333333,,,0.0699,,0.0024785714285714285
08-15,,-0.0028666666666666667,,0.003766666666666667,,-0.0027222222222222222,,,,0.019833333333333335,,0.009222222222222222,,0.0029555555555555555,,,,,,,,0.19005555555555556,
08-16,,,0.0023555555555555556,,0.011925,0.008116666666666666,,-0.0069,,8.333333333333332e-05,0.016155555555555555,,,,,-0.0016625000000000001,0.00065,0.0014000000000000002,0.2183,-0.0034000000000000002,,,
08-17,,0.0025666666666666667,,,,,0.004222222222222222,,0.0021888888888888887,,,0.007544444444444444,,0.0020166666666666666,0.05232222222222222,,0.0012444444444444445,,0.06912222222222222,-0.0020277777777777777,,,
08-18,,,,,,0.09883333333333333,,,,0.0002555555555555556,0.006893333333333333,0.0005,,-0.0009,,,0.002427777777777778,0.19126666666666667,0.0024,-0.005338888888888889,,,0.0806
08-19,0.0023888888888888887,0.005544444444444445,,0.09326666666666666,0.0023166666666666665,,,,,0.0417,,0.009933333333333334,0.012463636363636363,0.0029944444444444445,,0.008116666666666666,,-0.004733333333333333,,0.0024615384615384616,,-0.008588888888888889,0.008883333333333333
08-20,0.0028444444444444446,,,0.11762500000000001,,0.0013666666666666666,0.017433333333333332,-0.0057,0.010477777777777779,0.0010666666666666667,,0.0025666666666666667,,,,0.0012666666666666666,,0.04961111111111111,,-0.0029833333333333335,,,
08-21,,,,0.00335,0.13665,,,,0.026655555555555554,,,,0.03475,0.03928,0.07876666666666667,,,0.017305555555555557,,-0.0028666666666666667,,,
08-22,0.003122222222222222,0.044875,0.0027944444444444444,,,,0.0102,,0.010355555555555555,,,,,0.0506,,,,0.15033888888888888,,0.009357142857142857,-0.002238888888888889,,
08-23,,,,,,,0.0015,,0.007016666666666667,,,,-0.01,,,,,0.02928888888888889,,0.0038818181818181816,0.16144,,
08-24,,,-0.00015,0.004675,,,0.017394444444444445,,,,,,0.0041,0.0092,0.00285,,,,0.04248888888888889,,,,0.0030555555555555557
08-25,,0.0029555555555555555,,,,,,,0.0074444444444444445,,,,,,,,,-0.0032055555555555552,,,-0.0006944444444444445,0.010888888888888889,
08-26,,,,,,,,0.01435,,,,,,0.0267,,,,0.0003,,0.003755555555555556,0.0009944444444444445,,
08-27,0.0023444444444444446,,0.0473,,0.0025555555555555557,0.005266666666666667,,,,0.0029166666666666664,0.006088888888888889,,,,,,0.006822222222222223,,,,0.0019666666666666665,,0.0076
08-28,,,0.0021,,,0.006672222222222222,,,0.0292,0.0007777777777777778,0.0133125,,0.0004666666666666667,,,0.0371,,,,,-0.004833333333333334,,
08-29,,,0.004177777777777778,,,0.0077666666666666665,-0.0016333333333333334,,,0.00011111111111111112,0.004683333333333334,0.03775,,,,,,,,,0.0010428571428571427,,0.08537692307692307
08-30,,,,0.049546153846153844,,0.00205,,,0.002711111111111111,0.0007388888888888889,0.005316666666666667,,0.002427777777777778,,,0.0022333333333333333,0.0038833333333333333,,,,0.0002944444444444444,0.0028555555555555556,
08-31,,,0.007071428571428571,,,,,,,,0.003661111111111111,0.0033444444444444446,,0.02566,0.002638888888888889,,,,,,-0.0013642857142857141,,
09-01,,-0.008833333333333334,,-0.0019166666666666668,,0.004633333333333333,,,,,0.17516666666666666,0.0025611111111111112,0.03704615384615385,,0.0003999999999999999,,-0.0009333333333333333,,0.042925,,0.139675,,
09-02,0.03378333333333333,,,,,0.006205555555555555,-0.01,,0.006693333333333333,0.011022222222222221,,,0.004333333333333333,,0.00405,,0.0031222222222222224,,0.0026777777777777776,-0.0033928571428571428,,,0.008755555555555556
09-03,0.0005166666666666666,0.0020777777777777778,0.062336363636363634,0.006353333333333333,,0.0031055555555555554,0.0841,0.004061111111111111,,0.009722222222222222,0.0032333333333333333,0.0036555555555555556,0.002472222222222222,,0.009236363636363636,0.34550000000000003,,,0.008944444444444444,,0.005392857142857143,,
09-04,0.015116666666666667,,,,-0.0006111111111111111,0.01696,0.1701,0.009166666666666667,,,0.0016111111111111111,0.005872222222222222,0.002483333333333333,,0.005242857142857143,0.003127777777777778,,0.006111111111111111,-0.0034333333333333334,,,,0.0020444444444444442
09-05,0.003922222222222222,,,,,,,0.006633333333333333,,,0.0030555555555555557,,0.0034833333333333335,,0.003161111111111111,0.00145,,0.0004888888888888887,,0.0036888888888888887,,0.004522222222222222,0.0033272727272727273
09-06,0.005855555555555556,,,0.014825,,,,0.007500000000000001,,,0.0025722222222222223,,0.0030166666666666666,,,0.016093333333333334,,,,,,,
09-07,,,,,,0.09752666666666668,0.07160666666666667,0.112725,,0.005399999999999999,0.003416666666666667,0.022983333333333335,0.004033333333333333,,,0.01971111111111111,,,-0.0027222222222222222,,0.0014888888888888888,0.07213333333333333,
09-08,0.003977777777777778,,,0.005177777777777778,,0.0038277777777777776,,0.09106666666666667,,0.0039722222222222225,0.003472222222222222,,0.007088888888888889,,0.00257,0.0926,,,0.021181818181818184,-0.003105555555555556,,,0.018325
09-09,,,,0.007566666666666666,,,0.030653333333333335,0.019799999999999998,,,0.002438888888888889,,,,,0.027066666666666666,,-0.007035714285714286,0.00042222222222222227,,0.0023,0.0025,
09-10,,,0.003711111111111111,,,,,0.0018111111111111112,,0.01181111111111111,0.003033333333333333,,,,,0.003933333333333333,0.0024444444444444444,0.005072222222222222,0.08638333333333333,0.025875,,0.0028277777777777776,
09-11,,,0.009533333333333333,,0.0027944444444444444,0.032725,-0.0023166666666666665,,,0.0077777777777777776,,,0.0027055555555555557,,0.0188,,,,,,,,
09-12,,-0.00752,,,0.00455,,,,-0.0008999999999999999,,,,,,0.0289,,,,,,,0.004183333333333333,
09-13,-0.0016666666666666666,,,,,0.005222222222222222,0.00425,0.005872222222222222,0.016242857142857142,,,0.0056,0.08813750000000001,,,,,0.018179999999999998,0.0975,,-0.0007333333333333333,0.013183333333333333,0.008455555555555555
09-14,0.0019777777777777775,,,0.0039388888888888885,,,,,0.00084,0.04797333333333333,,,,,,,,0.006466666666666667,,,,,
09-15,,,,0.003427777777777778,,,,,,,0.0027125,,,0.02422222222222222,,0.014733333333333333,0.0011999999999999997,,,,,,
09-16,,,,,,,0.0050999999999999995,,0.0836,,,,,,0.2766,,0.4761,0.007239999999999999,0.025781818181818184,,,,
09-17,,,0.003622222222222222,,0.004877777777777778,,,,,0.004555555555555556,,,,,0.029083333333333333,0.02985,-0.0016444444444444445,0.028893333333333333,0.0224,,0.0727,,
09-18,,,0.0038666666666666667,0.003988888888888889,,,,,,,,,,,,,,0.018346666666666667,,,,0.003822222222222222,
09-19,0.0292,0.080325,,,,,,,0.043866666666666665,0.003922222222222222,,,,,,,,0.003961111111111111,,,0.057,0.0018833333333333332,
09-20,0.008522222222222223,,,,,0.006555555555555556,0.003933333333333333,,,,,,0.04276666666666667,,0.021493333333333333,0.007544444444444444,,0.0033,0.050990909090909094,0.17958888888888888,,,
09-21,0.03718888888888889,0.04424285714285714,,,,,,,0.034557142857142856,,,,0.004416666666666667,0.04136923076923077,,,,,,,,,
09-22,,,,,,,,,0.025366666666666666,,,,0.003944444444444444,,0.022422222222222222,,,,0.024333333333333332,,,,
09-23,,,,,0.04106666666666667,,0.0883,0.01035,0.04205,,,0.009383333333333334,,,,,0.004288888888888889,0.0037636363636363635,,,,,0.005344444444444444
09-24,,,,,,,0.15355,0.0284,,,,,,,,0.00928125,0.004388888888888889,0.0032222222222222222,0.024455555555555557,,,,
09-25,,,,,,,,,,,,,,,,,,,,,0.004894444444444444,,
09-26,0.007944444444444445,0.0011111111111111111,,,,,,,,0.040011111111111115,,,,,,,,0.02595,,,0.022683333333333333,,
09-27,,0.004277777777777778,-0.01,,,,,,0.01705,0.13455,,,,,0.12026153846153846,,,,,,0.003922222222222222,,
09-28,0.078975,,,,,,,,,0.009483333333333333,,0.18133333333333335,,,0.03332222222222222,,,,,,,,
09-29,,,,0.0038555555555555556,0.04802222222222222,,,0.14674,,0.03572,,,,,,,0.019966666666666667,,,0.09026666666666668,,0.0761,
09-30,,,,0.018994444444444442,0.015955555555555556,,0.10386666666666666,,,,0.013211111111111111,0.18185,,,0.024494444444444444,,0.01483888888888889,0.02883888888888889,,,0.002372222222222222,,
10-01,0.009177777777777778,,,,,,,0.04651111111111111,,,0.011777777777777778,,,0.01151111111111111,0.06115625,,,0.020283333333333334,,0.014722222222222222,0.07724,,
10-02,,,,,,0.006555555555555556,,,,,,,0.021944444444444444,0.011738888888888889,,,0.006625000000000001,,,,,,
10-03,,,,,0.561,,,,0.06723333333333333,0.02362857142857143,,,,0.0216,,0.023433333333333334,,0.023455555555555556,,,,,
10-04,,,,0.012121428571428571,,,0.00938888888888889,0.02921111111111111,0.02762222222222222,,0.0048222222222222225,,,,,,0.047357142857142855,,,,,,
10-05,,,0.034133333333333335,,0.094425,,,,,,,,,,,,0.014283333333333334,0.022744444444444446,,,,,0.022477777777777777
10-06,,,0.0202,,0.016605555555555554,,0.016933333333333335,,,,,,,,,,,0.05605555555555556,,,0.02086111111111111,0.00793888888888889,
10-07,0.06927142857142857,,0.14147500000000002,,,,0.029222222222222222,,,,,0.021722222222222223,0.014688888888888888,,,,,,,,,0.0018611111111111111,
10-08,,,,,0.24752222222222223,,,,,,0.019466666666666667,0.17576666666666665,,0.08086666666666667,,,,,0.028033333333333334,,,,0.035241666666666664
10-09,,0.022133333333333335,,0.0069611111111111115,0.03726666666666667,,,,,,0.006783333333333333,0.5119555555555555,0.0166,,,,,,0.01571111111111111,,,,0.010366666666666666
10-10,,0.0137,,,,,,,0.19205,,0.11065555555555555,0.048985714285714285,0.011383333333333334,,0.06387333333333334,0.026855555555555556,,,0.019955555555555556,0.392075,,,0.006977777777777778
10-11,0.03895,0.010888888888888889,,,,,0.02263888888888889,,,,0.010216666666666667,0.10275000000000001,,,,0.013277777777777779,,0.0254875,0.03256666666666667,,,,0.1962
10-12,0.022855555555555556,,,,,0.02262,0.021566666666666668,,,,,,,,,,,,0.163,0.049742857142857144,,,
10-13,,,,,0.046455555555555555,,,0.35363333333333336,,0.05594545454545455,,,0.016761111111111112,,0.018972222222222224,0.016705555555555557,,,,,0.04101111111111111,0.0333,
10-14,,,,,,,0.0191,0.02883888888888889,,,,,,,,0.0305,0.04047777777777778,,0.016416666666666666,,,,
10-15,0.014888888888888889,,,0.38034,0.028933333333333335,0.0225,,,0.027566666666666666,,0.0388,,,,,0.020388888888888887,0.042613333333333336,,,,,,
10-16,,,0.1169,,,,,0.14967777777777777,,0.06455555555555556,,,0.027916666666666666,,0.011392857142857144,,,,0.015666666666666666,,,,
10-17,,0.059677777777777774,,,,,,,,,,,,,0.022222222222222223,,,0.018733333333333334,0.01867777777777778,0.05188461538461538,0.05984444444444444,,0.009466666666666667
10-18,0.03735555555555555,,,,,,0.4156,,0.043088888888888885,0.03573333333333333,0.4512,0.03592777777777778,,,,,0.015855555555555557,,,,0.025055555555555553,0.0087,0.009655555555555556
10-19,,,,,,0.017058333333333335,,,0.0457,0.038372222222222224,,0.034666666666666665,0.21014,,,,,0.0484,0.29172,,0.06093333333333333,,
10-20,0.045525,,,,,0.024277777777777777,,0.020307142857142857,,,,,0.023744444444444443,,0.019966666666666667,0.011666666666666667,,0.04086666666666666,0.014594444444444445,,,,
10-21,,,,,,0.046,,0.024116666666666665,,0.09176666666666666,,,,,,,,,,,,0.030577777777777777,
10-22,,,,,,,,0.03015,,,0.041555555555555554,,,,,,,,0.3234,,,0.02776111111111111,
10-23,0.046357142857142854,,,,0.23166,,,,,0.12211,,0.05210555555555556,,,0.03470555555555556,,,,0.03842857142857143,,,0.02762777777777778,0.03825555555555556
10-24,0.04046,,0.0642,,,,,,0.30879999999999996,0.05006666666666667,,,,,,0.11277777777777778,,,,,0.12965,0.02175,
10-25,,,0.029877777777777777,,,,,,,0.05424375,0.04334444444444444,,0.03505,,,0.20415555555555556,,0.04116875,0.0312,0.10573333333333333,0.042694444444444445,,
10-26,,,,,,,,,,,,,,0.03362222222222222,,0.37210666666666664,,,0.024944444444444443,,,,
10-27,,0.05656666666666667,0.032461111111111114,,,,,,0.243325,,,,,,,0.37487777777777775,,,0.3077666666666667,,,,
10-28,,,0.04588888888888889,,,0.0523,,,0.05413888888888889,0.05388,0.5923,,,0.05188333333333334,,0.3656333333333333,0.0331,,,,,,
10-29,0.054025000000000004,0.1154,,0.05467777777777778,,0.0815,,0.03751111111111111,,0.0481,,,,0.04241111111111111,,,0.030233333333333334,,,,0.051925,,
10-30,,0.0314,,0.04222777777777778,0.200175,0.03873888888888889,,0.15551666666666666,0.04644545454545455,,,,,0.03476666666666667,0.0371,0.41238888888888886,0.03582777777777778,,,,0.17442222222222223,0.10036666666666667,0.04637777777777778
10-31,0.2128,,0.03693333333333333,,,0.11355714285714286,,,,,,,,,0.1103,,,,,,0.04803888888888889,0.07103333333333334,
11-01,,,,,,0.037227777777777776,,0.182,0.06846666666666666,0.0606,,0.11411666666666667,,,,,,0.14755555555555555,,,0.04284444444444444,0.04187777777777778,
11-02,,,,,0.38680000000000003,0.057960000000000005,,,0.28543846153846153,,,,,,,,0.12941111111111112,0.35191875,,0.05028888888888889,,0.04108888888888889,0.042991666666666664
11-03,,,,0.062200000000000005,,0.0431,,,0.3378333333333333,0.30805454545454547,,,,,,,0.0529,,,0.06116,0.06774,0.04059444444444445,
11-04,,,,,,0.04741666666666666,,,0.3901625,0.40597333333333335,0.05231666666666667,,,0.08375,,0.3368555555555556,0.16873125,0.61145,0.3667,,,0.04858333333333333,0.3070090909090909
11-05,0.31308,,,,,,,,0.36615555555555557,0.4376777777777778,,,,,,0.4158222222222222,0.2174111111111111,0.5088111111111111,,,,,0.35827272727272724
11-06,0.3521,,,,,,,0.38718125,0.2038,0.2827857142857143,0.4443,0.0498625,0.35334,,,0.55225,,0.4863777777777778,,,,,0.416825
11-07,0.20284444444444444,,,0.0381,,,,,0.43206666666666665,,0.34835,,,,,0.6714583333333334,0.059179999999999996,,,,,,
11-08,0.456325,,0.22672222222222221,,0.17026,,0.033269230769230766,0.5308222222222222,0.44304375,,0.05382777777777778,0.053177777777777775,,,,,,,,,,,
11-09,0.3428,0.1602,,,,,0.1255111111111111,0.6727555555555556,,,0.05040555555555556,0.12908571428571428,,0.1504111111111111,,0.7424833333333334,0.2858666666666667,0.6779777777777778,,,,,0.3998833333333333
11-10,,0.2923777777777778,,0.2898857142857143,,,,,0.6848333333333333,,,,0.2001,,0.09783333333333333,0.6632928571428571,0.1363272727272727,0.7692,,,,,0.5665583333333334
11-11,0.5516777777777778,,,,0.448,0.04864545454545455,,0.5054555555555555,,,,,0.28933846153846154,,,,,0.4343,0.2549888888888889,,0.4055714285714286,,0.44512222222222225
11-12,,,,0.3055,0.3960642857142857,,,0.5046846153846154,0.7700333333333333,,0.124,,,0.49780555555555556,0.24635454545454546,,0.1018,,,,0.29646666666666666,,
11-13,,,,,,,,,0.5402666666666667,0.43324444444444443,0.094125,,0.5644888888888889,0.6061944444444445,0.15954444444444443,0.69245,0.31341111111111114,0.8419,0.6125111111111111,0.21726666666666666,,,0.121475
11-14,0.4790888888888889,0.5701444444444445,0.4435222222222222,,0.4940466666666667,,,,0.7677833333333334,,0.3252777777777778,,0.4728777777777778,0.241975,0.09833333333333333,0.7816888888888889,0.3942083333333333,,0.6106333333333334,,,0.22204285714285715,0.6717
11-15,0.8324333333333334,,0.42427777777777775,,,0.16535833333333333,0.27218888888888887,,0.7721444444444444,0.39524444444444445,0.09916666666666667,0.25696,,,,,,,0.5000666666666667,0.1833,,,0.31425555555555557
11-16,0.5171333333333333,0.5218888888888888,0.451,,,0.21774444444444443,,0.6390944444444444,0.7309055555555556,,,0.2685666666666667,0.771325,,,0.6385928571428572,,0.8514333333333334,0.5808444444444444,,,,0.610111111111111
11-17,,,0.2819611111111111,0.3672,0.8634222222222222,,0.13766666666666666,,0.7488444444444444,,,0.693025,0.7168,0.6534888888888889,0.6386,,,,0.8324555555555555,0.61190625,,,0.4031142857142857
11-18,0.7660888888888889,0.2049888888888889,,,0.8646428571428572,0.39682,,,0.7320833333333333,,,,,0.7134888888888888,,0.6045166666666667,0.21371333333333334,,0.8229055555555556,,0.5293733333333334,0.26762,
11-19,,0.43422,,,0.64863125,0.5585857142857142,,0.6567722222222222,,0.3274888888888889,,,,0.7026277777777777,,,,,,,,0.1247111111111111,0.6628214285714286
11-20,0.8411111111111111,0.6036555555555555,,,,,,0.7712888888888889,,,,,,0.3429,,,0.4489916666666667,,,,,0.11144444444444444,
11-21,,0.5279111111111111,0.30794285714285713,,0.8002111111111111,0.786375,,,0.7446222222222222,,,0.619575,,0.6251777777777778,,0.9140166666666667,0.6622055555555555,,,,0.5475,,
11-22,,,,0.38884545454545455,0.7030142857142857,,,0.5828,0.7999277777777778,,,0.6232388888888889,0.3822611111111111,0.7715722222222222,0.5836428571428571,0.89345,,,,0.21976666666666667,,,0.9695333333333334
11-23,,,0.34258181818181815,,0.8611833333333333,0.8469222222222222,0.6191,0.42998125,0.6846222222222222,,,0.6191444444444445,0.9033545454545454,0.7082111111111111,0.7437666666666667,0.6161611111111112,0.4002,0.44705555555555554,0.8806,,0.7258,,
11-24,0.4673333333333333,0.8644000000000001,0.7755,0.49377333333333334,0.5714642857142858,,0.6194555555555555,0.47731666666666667,,,0.4214,0.6863277777777778,0.6025,0.6704611111111112,0.49191111111111113,,0.5338333333333334,,0.5690733333333333,,0.5898388888888889,,0.5053777777777778
11-25,,0.5452,0.5838388888888889,0.2026777777777778,0.71595,0.27425555555555553,0.44953571428571426,0.5208944444444444,,0.3215153846153846,,,0.6419785714285714,0.7337777777777778,,0.4249,0.4312111111111111,0.5617222222222222,,,,,0.610125
11-26,,,,,0.5326666666666666,,,0.5464388888888889,,,,0.5165888888888889,,0.5350444444444444,0.5148555555555555,,0.5453777777777777,,0.64824,,,,
11-27,,,0.13269999999999998,,0.46912,,,0.6005555555555556,0.6648333333333334,,0.23982222222222221,0.4492333333333333,0.4229555555555556,0.5100888888888889,,0.5253333333333333,,0.48669999999999997,,,0.031325,,0.7736888888888889
11-28,,,,,,,,0.5958888888888889,,0.23213333333333333,,,,,,,0.4257888888888889,,,,,,
11-29,,0.0189,0.3469666666666667,,,,0.4482333333333333,,,,,0.33923333333333333,0.6116166666666667,,,0.4561777777777778,,,,,,,
11-30,,,,,,0.48054444444444444,,0.03824444444444444,,,,,,,,,,,,,,,
12-01,,,,,,,0.4761111111111111,,,,,0.5813555555555556,,,,0.6045777777777778,,,,0.015475,,0.16440000000000002,
12-02,,,,,,,,,,,,,,,,,,,,,,,
12-03,,,,,,,,,,,,,,,,,,,,,,,
12-04,,,,,,,,,,,,,,,,,,,,,,,
12-05,,,,,,,,,,,,,,,,,,,,,,,
12-06,,,,,,,,,,,,,,,,,,,,,,,
12-07,,,,,,,,,,,,,,,,,,,,,,,
12-08,,,,,,,,,,,,,,,,,,,,,,,
12-09,,,,,,,,,,,,,,,,,,,,,,,
12-10,,,,,,,,,,,,,,,,,,,,,,,
12-11,,,,,,,,,,,,,,,,,,,,,,,
12-12,,,,,,,,,,,,,,,,,,,,,,,
12-13,,,,,,,,,,,,,,,,,,,,,,,
12-14,,,,,,,,,,,,,,,,,,,,,,,
12-15,,,,,,,,,,,,,,,,,,,,,,,
12-16,,,,,,,,,,,,,,,,,,,,,,,
12-17,,,,,,,,,,,,,,,,,,,,,,,
12-18,,,,,,,,,,,,,,,,,,,,,,,
12-19,,,,,,,,,,,,,,,,,,,,,,,
12-20,,,,,,,,,,,,,,,,,,,,,,,
12-21,,,,,,,,,,,,,,,,,,,,,,,
12-22,,,,,,,,,,,,,,,,,,,,,,,
12-23,,,,,,,,,,,,,,,,,,,,,,,
12-24,,,,,,,,,,,,,,,,,,,,,,,
12-25,,,,,,,,,,,,,,,,,,,,,,,
12-26,,,,,,,,,,,,,,,,,,,,,,,
12-27,,,,,,,,,,,,,,,,,,,,,,,
12-28,,,,,,,,,,,,,,,,,,,,,,,
12-29,,,,,,,,,,,,,,,,,,,,,,,
12-30,,,,,,,,,,,,,,,,,,,,,,,
12-31,,,,,,,,,,,,,,,,,,,,,,,
