system:time_start,B1,B1_interpolate,B1_interpolate_phenology
2017-02-02,0.044,0.044,
2017-02-03,,,
2017-02-04,,,
2017-02-05,0.822,0.822,
2017-02-06,,0.898,
2017-02-07,0.908,0.908,
2017-02-08,0.898,0.898,
2017-02-09,0.714,0.714,
2017-02-10,0.817,0.817,
2017-02-11,,0.7433333333333333,
2017-02-12,,0.699,
2017-02-13,0.699,0.699,
2017-02-14,,0.699,
2017-02-15,,0.7647666666666667,
2017-02-16,,0.699,
2017-02-17,,0.7545,
2017-02-18,,0.7545,
2017-02-19,,0.7865666666666666,
2017-02-20,0.81,0.81,
2017-02-21,,0.8160000000000001,
2017-02-22,,0.8220000000000001,
2017-02-23,,0.8220000000000001,
2017-02-24,,0.834,
2017-02-25,,0.8243333333333333,
2017-02-26,0.834,0.834,
2017-02-27,0.817,0.817,
2017-02-28,,0.8243333333333333,
2017-03-01,,0.8020039682539684,
2017-03-02,,0.817,
2017-03-03,,0.7798888888888889,
2017-03-04,,0.522,
2017-03-05,,0.7938333333333333,MO
2017-03-06,,0.888,
2017-03-07,,0.7621219576719577,
2017-03-08,,0.522,
2017-03-09,0.522,0.522,
2017-03-10,0.848,0.848,
2017-03-11,0.888,0.888,
2017-03-12,0.854,0.854,
2017-03-13,,0.685,
2017-03-14,0.516,0.516,
2017-03-15,,0.7419851851851853,
2017-03-16,,0.685,
2017-03-17,,0.6963333333333334,
2017-03-18,,0.854,
2017-03-19,,0.7805333333333333,
2017-03-20,,0.893,
2017-03-21,0.888,0.888,
2017-03-22,,0.903,
2017-03-23,,0.8993333333333333,
2017-03-24,0.903,0.903,
2017-03-25,0.907,0.907,
2017-03-26,0.855,0.855,
2017-03-27,0.893,0.893,
2017-03-28,0.907,0.907,
2017-03-29,0.91,0.91,
2017-03-30,0.695,0.695,
2017-03-31,,0.7869999999999999,
2017-04-01,,0.7869999999999999,
2017-04-02,0.756,0.756,
2017-04-03,,0.916375,
2017-04-04,,0.8639999999999999,FU
2017-04-05,,0.914,
2017-04-06,,0.914,
2017-04-07,,0.914,
2017-04-08,,0.916375,
2017-04-09,,0.916375,
2017-04-10,1.072,1.072,
2017-04-11,,0.914,
2017-04-12,0.914,0.914,
2017-04-13,,0.914,
2017-04-14,0.933,0.933,
2017-04-15,0.929,0.929,
2017-04-16,0.905,0.905,
2017-04-17,0.902,0.902,
2017-04-18,,0.922,
2017-04-19,,0.929,
2017-04-20,,0.918,
2017-04-21,,0.934,
2017-04-22,,0.9223125,
2017-04-23,0.934,0.934,
2017-04-24,,0.9205,
2017-04-25,,0.934,
2017-04-26,0.907,0.907,
2017-04-27,,0.689,
2017-04-28,,0.8388333333333334,
2017-04-29,,0.689,
2017-04-30,,0.8784761904761906,
2017-05-01,,0.8784761904761906,
2017-05-02,0.689,0.689,
2017-05-03,0.925,0.925,
2017-05-04,0.9205,0.9205,
2017-05-05,0.935,0.935,
2017-05-06,,0.9261,
2017-05-07,,0.935,MO
2017-05-08,,0.9286,
2017-05-09,0.915,0.915,
2017-05-10,0.854,0.854,
2017-05-11,1.004,1.004,
2017-05-12,0.939,0.939,
2017-05-13,,0.922,
2017-05-14,0.922,0.922,
2017-05-15,0.875,0.875,
2017-05-16,,0.8866666666666667,
2017-05-17,,0.8866666666666667,
2017-05-18,0.863,0.863,
2017-05-19,0.511,0.511,
2017-05-20,,0.6176666666666667,
2017-05-21,,0.863,
2017-05-22,0.479,0.479,
2017-05-23,,0.479,
2017-05-24,,0.5569999999999999,
2017-05-25,,0.4964,
2017-05-26,,0.4964,
2017-05-27,0.635,0.635,
2017-05-28,,0.482,
2017-05-29,,0.482,
2017-05-30,0.329,0.329,
2017-05-31,,0.329,
2017-06-01,,0.2836666666666667,
2017-06-02,0.362,0.362,
2017-06-03,0.16,0.16,
2017-06-04,,0.2836666666666667,PO
2017-06-05,,0.262,
2017-06-06,,0.371,
2017-06-07,0.364,0.364,
2017-06-08,0.373,0.373,
2017-06-09,0.371,0.371,
2017-06-10,,0.364,
2017-06-11,,0.3525,
2017-06-12,,0.3525,
2017-06-13,0.334,0.334,
2017-06-14,,0.334,
2017-06-15,0.309,0.309,
2017-06-16,,0.309,
2017-06-17,0.396,0.396,
2017-06-18,0.59,0.59,
2017-06-19,0.419,0.419,
2017-06-20,,0.459,
2017-06-21,0.459,0.459,
2017-06-22,0.389,0.389,PD
2017-06-23,0.391,0.391,
2017-06-24,0.39,0.39,
2017-06-25,,0.365,
2017-06-26,0.34,0.34,
2017-06-27,0.33,0.33,
2017-06-28,0.3359999999999999,0.3359999999999999,
2017-06-29,0.275,0.275,
2017-06-30,0.3853333333333333,0.3853333333333333,
2017-07-01,0.262,0.262,
2017-07-02,0.269,0.269,
2017-07-03,0.218,0.218,
2017-07-04,0.183,0.183,
2017-07-05,0.228,0.228,
2017-07-06,0.109,0.109,
2017-07-07,,0.1213333333333333,
2017-07-08,,0.1213333333333333,
2017-07-09,,0.0611666666666666,
2017-07-10,-0.01,-0.01,
2017-07-11,0.0,0.0,
2017-07-12,0.003,0.003,
2017-07-13,0.037,0.037,
2017-07-14,0.135,0.135,
2017-07-15,,0.0515238095238095,
2017-07-16,,0.135,
2017-07-17,,0.0466666666666666,
2017-07-18,,0.135,
2017-07-19,0.004,0.004,
2017-07-20,0.001,0.001,
2017-07-21,0.002,0.002,
2017-07-22,0.074,0.074,OW
2017-07-23,,0.0665,
2017-07-24,0.059,0.059,
2017-07-25,0.002,0.002,
2017-07-26,,0.002,
2017-07-27,0.064,0.064,
2017-07-28,0.039,0.039,
2017-07-29,0.058,0.058,
2017-07-30,0.018,0.018,
2017-07-31,0.001,0.001,
2017-08-01,0.1013333333333333,0.1013333333333333,
2017-08-02,,0.0376666666666666,
2017-08-03,,0.1013333333333333,
2017-08-04,,0.0496666666666666,
2017-08-05,,0.0496666666666666,
2017-08-06,-0.002,-0.002,
2017-08-07,,0.0356666666666666,
2017-08-08,,0.0356666666666666,
2017-08-09,0.016,0.016,
2017-08-10,0.093,0.093,
2017-08-11,0.0,0.0,
2017-08-12,0.001,0.001,
2017-08-13,,0.121,
2017-08-14,,0.121,
2017-08-15,0.241,0.241,
2017-08-16,,0.1122,
2017-08-17,,0.1089999999999999,
2017-08-18,,0.1089999999999999,
2017-08-19,,-0.003,
2017-08-20,0.089,0.089,
2017-08-21,,-0.003,FO
2017-08-22,-0.003,-0.003,
2017-08-23,,0.089,
2017-08-24,0.003,0.003,
2017-08-25,,0.003,
2017-08-26,,0.012,
2017-08-27,0.021,0.021,
2017-08-28,,0.016625,
2017-08-29,,-0.003,
2017-08-30,,0.0085,
2017-08-31,,0.0005,
2017-09-01,,0.0005,
2017-09-02,-0.004,-0.004,
2017-09-03,-0.003,-0.003,
2017-09-04,,0.0005,
2017-09-05,,0.0638333333333333,
2017-09-06,,0.09775,
2017-09-07,,0.09775,
2017-09-08,,0.09775,
2017-09-09,0.1985,0.1985,
2017-09-10,,0.09775,
2017-09-11,,0.1743333333333333,
2017-09-12,,0.09775,
2017-09-13,,0.22675,
2017-09-14,,0.22675,
2017-09-15,,0.240875,
2017-09-16,,0.240875,
2017-09-17,0.255,0.255,
2017-09-18,,0.167625,PO
2017-09-19,,0.1657499999999999,
2017-09-20,,0.1657499999999999,
2017-09-21,,0.167625,
2017-09-22,,0.167625,
2017-09-23,,0.0956666666666666,
2017-09-24,,0.007,
2017-09-25,,0.0731090277777777,
2017-09-26,,0.1657499999999999,
2017-09-27,0.007,0.007,
2017-09-28,0.025,0.025,
2017-09-29,,0.0150999999999999,
2017-09-30,,0.0956666666666666,
2017-10-01,,0.016,
2017-10-02,,0.007,
2017-10-03,,0.0205,FO
2017-10-04,,0.0724666666666666,
2017-10-05,,0.0691732638888888,
2017-10-06,0.016,0.016,
2017-10-07,,0.0724666666666666,
2017-10-08,,0.1066333333333333,
2017-10-09,,0.1066333333333333,
2017-10-10,,0.1066333333333333,
2017-10-11,,0.0611666666666666,
2017-10-12,,0.147,
2017-10-13,,0.147,
2017-10-14,,0.0611666666666666,
2017-10-15,,0.2125,
2017-10-16,,0.34675,
2017-10-17,,0.2125,
2017-10-18,,0.278,
2017-10-19,,0.2801666666666667,
2017-10-20,0.278,0.278,
2017-10-21,,0.2801666666666667,
2017-10-22,,0.4155,
2017-10-23,,0.34675,
2017-10-24,,0.4155,
2017-10-25,,0.34675,
2017-10-26,,0.34675,
2017-10-27,,0.4155,
2017-10-28,,0.2125,
2017-10-29,,0.4267407407407407,
2017-10-30,,0.34675,
2017-10-31,,0.4689285714285714,
2017-11-01,,0.553,
2017-11-02,,0.4892916666666666,
2017-11-03,0.553,0.553,
2017-11-04,,0.5860000000000001,
2017-11-05,0.619,0.619,
2017-11-06,,,
2017-11-07,,,
2017-11-08,,,
2017-11-09,,,
2017-11-10,,,
2017-11-11,,,
2017-11-12,,,
2017-11-13,,,
2017-11-14,,,
2017-11-15,,,
2017-11-16,,,
2017-11-17,,,
2017-11-18,,,
2017-11-19,,,
2017-11-20,,,
2017-11-21,,,
2017-11-22,,,
2017-11-23,,,
2017-11-24,,,
2017-11-25,,,
2017-11-26,,,
2017-11-27,,,
2017-11-28,,,
2017-11-29,,,
2017-11-30,,,
2017-12-01,,,
2017-12-02,,,
2017-12-03,,,
2017-12-04,,,
2017-12-05,,,
2017-12-06,,,
2017-12-07,,,
2017-12-08,,,
2017-12-09,,,
2017-12-10,,,
2017-12-11,,,
2017-12-12,,,
2017-12-13,,,
2017-12-14,,,
2017-12-15,,,
2017-12-16,,,
2017-12-17,,,
2017-12-18,,,
2017-12-19,,,
2017-12-20,,,
2017-12-21,,,
2017-12-22,,,
2017-12-23,,,
2017-12-24,,,
2017-12-25,,,
2017-12-26,,,
2017-12-27,,,
2017-12-28,,,
2017-12-29,,,
2017-12-30,,,
2017-12-31,,,
2018-01-01,,,
2018-01-02,,,
2018-01-03,,,
2018-01-04,,,
2018-01-05,,,
2018-01-06,,,
2018-01-07,,,
2018-01-08,,,
2018-01-09,,,
2018-01-10,,,
2018-01-11,,,
2018-01-12,,,
2018-01-13,,,
2018-01-14,,,
2018-01-15,,,
2018-01-16,,,
2018-01-17,,,
2018-01-18,,,
2018-01-19,,,
2018-01-20,,,
2018-01-21,,,
2018-01-22,,,
2018-01-23,,,
2018-01-24,,,
2018-01-25,,,
2018-01-26,,,
2018-01-27,,,
2018-01-28,,,
2018-01-29,,,
2018-01-30,,,
2018-01-31,,,
2018-02-01,,,
2018-02-02,,,
2018-02-03,,,
2018-02-04,,,
2018-02-05,,,
2018-02-06,0.867,0.867,
2018-02-07,0.52,0.52,
2018-02-08,,0.5895,
2018-02-09,0.659,0.659,
2018-02-10,,0.6605,
2018-02-11,,0.819,
2018-02-12,0.733,0.733,
2018-02-13,,0.819,
2018-02-14,0.819,0.819,
2018-02-15,0.799,0.799,
2018-02-16,,0.8065,
2018-02-17,0.814,0.814,
2018-02-18,,0.7825,
2018-02-19,0.751,0.751,
2018-02-20,0.548,0.548,
2018-02-21,,0.548,
2018-02-22,0.85,0.85,
2018-02-23,,0.85,
2018-02-24,0.567,0.567,
2018-02-25,,0.567,
2018-02-26,,0.5663333333333332,
2018-02-27,0.452,0.452,
2018-02-28,0.68,0.68,
2018-03-01,0.851,0.851,
2018-03-02,0.856,0.856,
2018-03-03,,0.856,
2018-03-04,0.898,0.898,
2018-03-05,,0.856,
2018-03-06,,0.827,
2018-03-07,,0.756,
2018-03-08,0.756,0.756,
2018-03-09,0.875,0.875,
2018-03-10,,0.888,
2018-03-11,0.901,0.901,
2018-03-12,0.697,0.697,
2018-03-13,,0.83,
2018-03-14,,0.83,
2018-03-15,,0.83,
2018-03-16,,0.8196,
2018-03-17,0.892,0.892,
2018-03-18,,0.857,
2018-03-19,,0.822,
2018-03-20,0.822,0.822,
2018-03-21,0.821,0.821,
2018-03-22,0.887,0.887,
2018-03-23,0.871,0.871,
2018-03-24,,0.8767142857142857,
2018-03-25,,0.887,
2018-03-26,,0.9015,
2018-03-27,0.932,0.932,
2018-03-28,,0.9025,
2018-03-29,,0.874,
2018-03-30,,0.9025,
2018-03-31,0.873,0.873,
2018-04-01,,0.8305,
2018-04-02,,0.873,
2018-04-03,,0.8450000000000001,
2018-04-04,0.788,0.788,
2018-04-05,0.874,0.874,
2018-04-06,,0.833,
2018-04-07,,0.8534999999999999,
2018-04-08,,0.77075,
2018-04-09,0.833,0.833,
2018-04-10,0.641,0.641,
2018-04-11,,0.77075,
2018-04-12,0.9005000000000001,0.9005000000000001,
2018-04-13,,0.8604166666666667,
2018-04-14,,0.8604166666666667,
2018-04-15,0.91,0.91,
2018-04-16,0.928,0.928,
2018-04-17,,0.917,
2018-04-18,,0.912,
2018-04-19,0.913,0.913,
2018-04-20,,0.912,
2018-04-21,0.912,0.912,
2018-04-22,0.902,0.902,
2018-04-23,0.928,0.928,
2018-04-24,,0.928,
2018-04-25,0.91,0.91,
2018-04-26,0.909,0.909,
2018-04-27,0.922,0.922,
2018-04-28,0.929,0.929,
2018-04-29,,0.923,
2018-04-30,0.917,0.917,
2018-05-01,0.937,0.937,
2018-05-02,0.876,0.876,
2018-05-03,,0.905,
2018-05-04,0.934,0.934,
2018-05-05,0.58,0.58,
2018-05-06,,0.58,
2018-05-07,0.892,0.892,
2018-05-08,,0.892,
2018-05-09,,0.8170000000000001,
2018-05-10,,0.892,
2018-05-11,,0.908,
2018-05-12,0.979,0.979,
2018-05-13,,0.9172,
2018-05-14,,0.96,
2018-05-15,,0.96,
2018-05-16,,0.963,
2018-05-17,0.938,0.938,
2018-05-18,0.963,0.963,
2018-05-19,0.936,0.936,
2018-05-20,,0.963,
2018-05-21,,0.9402222222222222,
2018-05-22,,0.95,
2018-05-23,,0.95,
2018-05-24,,0.838,
2018-05-25,,0.9158148148148147,
2018-05-26,,0.964,
2018-05-27,0.964,0.964,
2018-05-28,0.838,0.838,MO
2018-05-29,,0.9136666666666668,
2018-05-30,,0.9136666666666668,
2018-05-31,0.939,0.939,
2018-06-01,,0.9365,
2018-06-02,,0.9365,
2018-06-03,,0.934,
2018-06-04,0.934,0.934,
2018-06-05,0.831,0.831,
2018-06-06,0.928,0.928,
2018-06-07,,0.928,
2018-06-08,0.918,0.918,
2018-06-09,0.852,0.852,
2018-06-10,,0.7794,
2018-06-11,,0.852,
2018-06-12,,0.5316000000000001,
2018-06-13,0.347,0.347,
2018-06-14,,0.3179999999999999,
2018-06-15,0.289,0.289,
2018-06-16,,0.3199999999999999,
2018-06-17,0.351,0.351,
2018-06-18,0.279,0.279,
2018-06-19,,0.305,
2018-06-20,,0.305,
2018-06-21,,0.279,
2018-06-22,,0.2552666666666666,
2018-06-23,0.285,0.285,PO
2018-06-24,0.131,0.131,
2018-06-25,,0.3645,
2018-06-26,,0.2763333333333333,
2018-06-27,,0.2763333333333333,
2018-06-28,,0.3331388888888889,
2018-06-29,0.413,0.413,
2018-06-30,,0.3645,
2018-07-01,0.316,0.316,
2018-07-02,0.498,0.498,
2018-07-03,0.6,0.6,
2018-07-04,0.601,0.601,
2018-07-05,0.349,0.349,
2018-07-06,0.581,0.581,
2018-07-07,0.643,0.643,
2018-07-08,,0.5415,
2018-07-09,0.44,0.44,
2018-07-10,0.413,0.413,PD
2018-07-11,0.499,0.499,
2018-07-12,,0.4665,
2018-07-13,0.434,0.434,
2018-07-14,,0.412,
2018-07-15,0.39,0.39,
2018-07-16,0.358,0.358,
2018-07-17,0.363,0.363,
2018-07-18,0.295,0.295,
2018-07-19,,0.295,
2018-07-20,0.291,0.291,
2018-07-21,0.012,0.012,
2018-07-22,0.025,0.025,
2018-07-23,0.0,0.0,
2018-07-24,-0.002,-0.002,
2018-07-25,0.044,0.044,
2018-07-26,,0.022,
2018-07-27,,0.063,
2018-07-28,,0.0208,
2018-07-29,0.063,0.063,
2018-07-30,0.002,0.002,
2018-07-31,-0.003,-0.003,
2018-08-01,,0.0208,
2018-08-02,,-0.003,
2018-08-03,,0.018,
2018-08-04,0.045,0.045,
2018-08-05,-0.003,-0.003,OW
2018-08-06,0.054,0.054,
2018-08-07,,0.025,
2018-08-08,-0.004,-0.004,
2018-08-09,,0.0203699999999999,
2018-08-10,,0.015,
2018-08-11,,0.015,
2018-08-12,,0.015,
2018-08-13,,0.0147,
2018-08-14,,0.015,
2018-08-15,0.024,0.024,
2018-08-16,,0.0145,
2018-08-17,,0.0145,
2018-08-18,,0.024,
2018-08-19,,0.0145,
2018-08-20,,0.005,
2018-08-21,0.005,0.005,
2018-08-22,,0.0045,
2018-08-23,,0.0090227272727272,
2018-08-24,,0.0045,
2018-08-25,,0.0045,
2018-08-26,,0.0145,
2018-08-27,,0.0045,
2018-08-28,,0.0045,
2018-08-29,,0.00425,
2018-08-30,0.004,0.004,
2018-08-31,,0.0111933847402597,
2018-09-01,,0.017,
2018-09-02,,0.0103453199760765,
2018-09-03,,0.01196875,
2018-09-04,,0.0098465119949494,
2018-09-05,,0.017,
2018-09-06,,0.01196875,
2018-09-07,,0.01196875,
2018-09-08,,0.017,
2018-09-09,,0.017,
2018-09-10,,0.0224166666666666,
2018-09-11,,0.017,
2018-09-12,,0.0250876736111111,
2018-09-13,,0.038,
2018-09-14,,0.0242293980132521,
2018-09-15,,0.0313333333333333,
2018-09-16,,0.0249895021934084,
2018-09-17,0.03,0.03,
2018-09-18,,0.0279999999999999,
2018-09-19,,0.026,
2018-09-20,0.026,0.026,
2018-09-21,,0.0313333333333333,
2018-09-22,,0.03,
2018-09-23,,0.03,
2018-09-24,,0.0313333333333333,
2018-09-25,0.038,0.038,
2018-09-26,,0.0331741452991453,
2018-09-27,,0.0302222222222222,
2018-09-28,,0.0334386574074074,
2018-09-29,,0.0302222222222222,FO
2018-09-30,,0.0302222222222222,
2018-10-01,,0.024,
2018-10-02,,0.03,
2018-10-03,,0.03,
2018-10-04,,0.076375,
2018-10-05,,0.1202959401709401,
2018-10-06,,0.1202959401709401,
2018-10-07,,0.03,
2018-10-08,,0.1332564814814814,
2018-10-09,0.022,0.022,
2018-10-10,0.024,0.024,
2018-10-11,,0.024,
2018-10-12,,0.2215,
2018-10-13,,0.2215,
2018-10-14,0.419,0.419,
2018-10-15,0.226,0.226,
2018-10-16,,0.2152499999999999,
2018-10-17,,0.226,
2018-10-18,,0.209,
2018-10-19,,0.192,
2018-10-20,,0.3639166666666666,
2018-10-21,0.192,0.192,
2018-10-22,,0.3614999999999999,
2018-10-23,0.5309999999999999,0.5309999999999999,
2018-10-24,0.664,0.664,
2018-10-25,,0.3614999999999999,
2018-10-26,,0.4496666666666666,
2018-10-27,,0.3614999999999999,
2018-10-28,,0.4132777777777778,
2018-10-29,0.154,0.154,
2018-10-30,0.466,0.466,
2018-10-31,,0.466,
2018-11-01,0.28,0.28,
2018-11-02,,0.28,
2018-11-03,0.46,0.46,
2018-11-04,,,
2018-11-05,,,
2018-11-06,,,
2018-11-07,,,
2018-11-08,,,
2018-11-09,,,
2018-11-10,,,
2018-11-11,,,
2018-11-12,,,
2018-11-13,,,
2018-11-14,,,
2018-11-15,,,
2018-11-16,,,
2018-11-17,,,
2018-11-18,,,
2018-11-19,,,
2018-11-20,,,
2018-11-21,,,
2018-11-22,,,
2018-11-23,,,
2018-11-24,,,
2018-11-25,,,
2018-11-26,,,
2018-11-27,,,
2018-11-28,,,
2018-11-29,,,
2018-11-30,,,
2018-12-01,,,
2018-12-02,,,
2018-12-03,,,
2018-12-04,,,
2018-12-05,,,
2018-12-06,,,
2018-12-07,,,
2018-12-08,,,
2018-12-09,,,
2018-12-10,,,
2018-12-11,,,
2018-12-12,,,
2018-12-13,,,
2018-12-14,,,
2018-12-15,,,
2018-12-16,,,
2018-12-17,,,
2018-12-18,,,
2018-12-19,,,
2018-12-20,,,
2018-12-21,,,
2018-12-22,,,
2018-12-23,,,
2018-12-24,,,
2018-12-25,,,
2018-12-26,,,
2018-12-27,,,
2018-12-28,,,
2018-12-29,,,
2018-12-30,,,
2018-12-31,,,
2019-01-01,,,
2019-01-02,,,
2019-01-03,,,
2019-01-04,,,
2019-01-05,,,
2019-01-06,,,
2019-01-07,,,
2019-01-08,,,
2019-01-09,,,
2019-01-10,,,
2019-01-11,,,
2019-01-12,,,
2019-01-13,,,
2019-01-14,,,
2019-01-15,,,
2019-01-16,,,
2019-01-17,,,
2019-01-18,,,
2019-01-19,,,
2019-01-20,,,
2019-01-21,,,
2019-01-22,,,
2019-01-23,,,
2019-01-24,,,
2019-01-25,,,
2019-01-26,,,
2019-01-27,,,
2019-01-28,,,
2019-01-29,,,
2019-01-30,,,
2019-01-31,,,
2019-02-01,,,
2019-02-02,,,
2019-02-03,,,
2019-02-04,,,
2019-02-05,,,
2019-02-06,0.906,0.906,
2019-02-07,,0.7605,
2019-02-08,0.615,0.615,
2019-02-09,,0.623,
2019-02-10,0.631,0.631,
2019-02-11,,0.747,
2019-02-12,0.863,0.863,
2019-02-13,0.84,0.84,
2019-02-14,,0.84,
2019-02-15,0.84,0.84,
2019-02-16,,0.853,
2019-02-17,0.846,0.846,
2019-02-18,0.866,0.866,
2019-02-19,0.8063333333333333,0.8063333333333333,
2019-02-20,0.84,0.84,
2019-02-21,0.853,0.853,
2019-02-22,,0.854,
2019-02-23,,0.854,
2019-02-24,0.855,0.855,
2019-02-25,,0.8365,
2019-02-26,,0.8005,
2019-02-27,,0.8585714285714285,
2019-02-28,0.8005,0.8005,
2019-03-01,0.827,0.827,
2019-03-02,,0.949,
2019-03-03,,0.8879999999999999,
2019-03-04,0.949,0.949,
2019-03-05,,0.8785000000000001,
2019-03-06,,0.949,
2019-03-07,,0.8714999999999999,
2019-03-08,,0.896,
2019-03-09,,0.891,FU
2019-03-10,0.794,0.794,
2019-03-11,0.902,0.902,
2019-03-12,0.896,0.896,
2019-03-13,,0.8875,
2019-03-14,0.879,0.879,
2019-03-15,,0.8135,
2019-03-16,0.748,0.748,
2019-03-17,,0.8515444444444443,
2019-03-18,,0.8198333333333334,
2019-03-19,,0.8198333333333334,
2019-03-20,,0.879,
2019-03-21,,0.8200666666666667,
2019-03-22,,0.8200666666666667,
2019-03-23,0.898,0.898,
2019-03-24,,0.8198333333333334,
2019-03-25,,0.9225,
2019-03-26,,0.712,
2019-03-27,0.947,0.947,
2019-03-28,0.712,0.712,
2019-03-29,,0.8556666666666666,
2019-03-30,,0.908,
2019-03-31,0.908,0.908,
2019-04-01,,0.908,
2019-04-02,,0.8526666666666666,
2019-04-03,0.864,0.864,
2019-04-04,0.786,0.786,
2019-04-05,,0.92,
2019-04-06,0.92,0.92,
2019-04-07,0.906,0.906,
2019-04-08,,0.8812407407407407,
2019-04-09,,0.908,
2019-04-10,,0.8925000000000001,
2019-04-11,,0.8925000000000001,
2019-04-12,,0.8924999999999998,
2019-04-13,0.879,0.879,
2019-04-14,0.911,0.911,
2019-04-15,0.894,0.894,
2019-04-16,0.923,0.923,
2019-04-17,0.813,0.813,
2019-04-18,0.894,0.894,
2019-04-19,0.906,0.906,
2019-04-20,,0.893,
2019-04-21,,0.894,
2019-04-22,,0.909,
2019-04-23,,0.912,
2019-04-24,0.912,0.912,
2019-04-25,,0.912,
2019-04-26,,0.9325,
2019-04-27,,0.912,
2019-04-28,,0.9153333333333332,
2019-04-29,0.953,0.953,
2019-04-30,,0.9075,
2019-05-01,,0.925,
2019-05-02,0.862,0.862,
2019-05-03,0.925,0.925,
2019-05-04,,0.8247098765432098,
2019-05-05,,0.468,
2019-05-06,,0.7516666666666666,
2019-05-07,,0.7148888888888889,
2019-05-08,,0.7148888888888889,
2019-05-09,,0.7906833333333333,
2019-05-10,0.468,0.468,
2019-05-11,,0.715,
2019-05-12,,0.6353333333333334,PO
2019-05-13,,0.723,
2019-05-14,,0.715,
2019-05-15,,0.723,
2019-05-16,,0.7906833333333333,
2019-05-17,0.723,0.723,
2019-05-18,0.954,0.954,
2019-05-19,,0.909,
2019-05-20,,0.9315,
2019-05-21,,0.939,
2019-05-22,0.909,0.909,
2019-05-23,0.939,0.939,
2019-05-24,0.93,0.93,
2019-05-25,0.929,0.929,
2019-05-26,,0.9155,
2019-05-27,0.902,0.902,MO
2019-05-28,,0.8981990740740741,
2019-05-29,,0.939,
2019-05-30,,0.9029166666666666,
2019-05-31,,0.867,
2019-06-01,,0.867,
2019-06-02,,0.867,
2019-06-03,,0.7394722222222223,
2019-06-04,,0.874,
2019-06-05,0.874,0.874,
2019-06-06,0.825,0.825,
2019-06-07,0.604,0.604,
2019-06-08,0.495,0.495,
2019-06-09,,0.5926666666666667,
2019-06-10,,0.5926666666666667,
2019-06-11,0.679,0.679,
2019-06-12,0.663,0.663,
2019-06-13,0.455,0.455,
2019-06-14,0.366,0.366,
2019-06-15,0.26,0.26,
2019-06-16,0.443,0.443,
2019-06-17,0.309,0.309,
2019-06-18,,0.309,
2019-06-19,0.191,0.191,
2019-06-20,,0.191,
2019-06-21,0.155,0.155,
2019-06-22,0.17,0.17,
2019-06-23,0.237,0.237,
2019-06-24,,0.237,
2019-06-25,0.384,0.384,PO
2019-06-26,0.088,0.088,
2019-06-27,0.423,0.423,
2019-06-28,0.236,0.236,
2019-06-29,0.122,0.122,
2019-06-30,,0.174,
2019-07-01,,0.174,
2019-07-02,0.221,0.221,
2019-07-03,0.179,0.179,
2019-07-04,0.4346666666666667,0.4346666666666667,
2019-07-05,,0.2901333333333333,
2019-07-06,,0.308,
2019-07-07,,0.3502222222222222,
2019-07-08,0.308,0.308,
2019-07-09,,0.300571975308642,
2019-07-10,,0.274,
2019-07-11,,0.3107407407407407,
2019-07-12,,0.300571975308642,
2019-07-13,,0.2769567901234568,
2019-07-14,,0.2769567901234568,
2019-07-15,0.274,0.274,
2019-07-16,0.267,0.267,
2019-07-17,0.251,0.251,
2019-07-18,,0.251,
2019-07-19,0.21,0.21,
2019-07-20,,0.1895,
2019-07-21,,0.1895,
2019-07-22,,0.1593333333333333,
2019-07-23,,0.1593333333333333,
2019-07-24,,0.1895,
2019-07-25,0.016,0.016,
2019-07-26,,0.142,
2019-07-27,,0.1949999999999999,
2019-07-28,0.142,0.142,
2019-07-29,0.427,0.427,
2019-07-30,,0.427,
2019-07-31,,0.1812190555256031,
2019-08-01,,0.1812190555256031,
2019-08-02,,0.1625633267195767,
2019-08-03,,0.1680515873015873,
2019-08-04,,0.1797916666666666,
2019-08-05,,0.1707499999999999,
2019-08-06,,0.1707499999999999,
2019-08-07,,0.327,
2019-08-08,,0.1680515873015873,
2019-08-09,,0.1622038364900207,
2019-08-10,,0.1864753313815814,
2019-08-11,,0.1047032828282828,
2019-08-12,,0.1622038364900207,
2019-08-13,0.002,0.002,
2019-08-14,,0.08325,
2019-08-15,,0.1490694444444444,
2019-08-16,,0.1645,
2019-08-17,,0.1047032828282828,
2019-08-18,,0.1490694444444444,
2019-08-19,,0.327,
2019-08-20,,0.1047032828282828,
2019-08-21,0.327,0.327,
2019-08-22,,0.1585,
2019-08-23,,0.1585,
2019-08-24,,0.0839166666666666,
2019-08-25,-0.01,-0.01,
2019-08-26,0.0,0.0,
2019-08-27,0.035,0.035,
2019-08-28,-0.007,-0.007,
2019-08-29,,0.0765,
2019-08-30,,0.0765,
2019-08-31,,0.0765,
2019-09-01,0.16,0.16,
2019-09-02,,0.031,
2019-09-03,0.031,0.031,
2019-09-04,,0.0175,
2019-09-05,,0.0175,
2019-09-06,,0.031,OW
2019-09-07,0.004,0.004,
2019-09-08,0.016,0.016,
2019-09-09,,0.0541844733217932,
2019-09-10,,0.0475640211640211,
2019-09-11,,0.0659402150520702,
2019-09-12,,0.0475640211640211,
2019-09-13,,0.0475640211640211,
2019-09-14,,0.031,
2019-09-15,,0.0646666666666666,
2019-09-16,,0.0692196381330309,
2019-09-17,,0.0724095238095238,
2019-09-18,,0.174,
2019-09-19,,0.0692196381330309,
2019-09-20,,0.0692196381330309,
2019-09-21,,0.0667038724594776,
2019-09-22,,0.0724095238095238,
2019-09-23,,0.0634112262499351,
2019-09-24,0.174,0.174,
2019-09-25,,0.1134999999999999,
2019-09-26,0.053,0.053,
2019-09-27,,0.0817,
2019-09-28,,0.053,
2019-09-29,,0.0403333333333333,
2019-09-30,0.015,0.015,
2019-10-01,,0.0599013888888888,
2019-10-02,,0.0339722222222222,
2019-10-03,,0.0443388888888888,
2019-10-04,,0.0405,
2019-10-05,,0.0339722222222222,
2019-10-06,,0.0339722222222222,
2019-10-07,,0.0374320512820512,
2019-10-08,0.04,0.04,
2019-10-09,,0.036,
2019-10-10,,0.0405,
2019-10-11,0.032,0.032,
2019-10-12,,0.0405,
2019-10-13,,0.0405,
2019-10-14,0.042,0.042,
2019-10-15,,0.0475,FO
2019-10-16,0.053,0.053,
2019-10-17,,0.0590807291666666,
2019-10-18,,0.0583125,
2019-10-19,,0.0583125,
2019-10-20,,0.0405,
2019-10-21,,0.074,
2019-10-22,,0.074,
2019-10-23,,0.17065625,
2019-10-24,,0.21,
2019-10-25,,0.2164348958333333,
2019-10-26,0.095,0.095,
2019-10-27,,0.1525,
2019-10-28,0.21,0.21,
2019-10-29,,0.25225,
2019-10-30,,0.4545,
2019-10-31,,0.3165,
2019-11-01,0.285,0.285,
2019-11-02,0.4545,0.4545,
2019-11-03,,,
2019-11-04,0.482,0.482,
2019-11-05,0.479,0.479,
2019-11-06,,,
2019-11-07,,,
2019-11-08,,,
2019-11-09,,,
2019-11-10,,,
2019-11-11,,,
2019-11-12,,,
2019-11-13,,,
2019-11-14,,,
2019-11-15,,,
2019-11-16,,,
2019-11-17,,,
2019-11-18,,,
2019-11-19,,,
2019-11-20,,,
2019-11-21,,,
2019-11-22,,,
2019-11-23,,,
2019-11-24,,,
2019-11-25,,,
2019-11-26,,,
2019-11-27,,,
2019-11-28,,,
2019-11-29,,,
2019-11-30,,,
2019-12-01,,,
2019-12-02,,,
2019-12-03,,,
2019-12-04,,,
2019-12-05,,,
2019-12-06,,,
2019-12-07,,,
2019-12-08,,,
2019-12-09,,,
2019-12-10,,,
2019-12-11,,,
2019-12-12,,,
2019-12-13,,,
2019-12-14,,,
2019-12-15,,,
2019-12-16,,,
2019-12-17,,,
2019-12-18,,,
2019-12-19,,,
2019-12-20,,,
2019-12-21,,,
2019-12-22,,,
2019-12-23,,,
2019-12-24,,,
2019-12-25,,,
2019-12-26,,,
2019-12-27,,,
2019-12-28,,,
2019-12-29,,,
2019-12-30,,,
2019-12-31,,,
2020-01-01,,,
2020-01-02,,,
2020-01-03,,,
2020-01-04,,,
2020-01-05,,,
2020-01-06,,,
2020-01-07,,,
2020-01-08,,,
2020-01-09,,,
2020-01-10,,,
2020-01-11,,,
2020-01-12,,,
2020-01-13,,,
2020-01-14,,,
2020-01-15,,,
2020-01-16,,,
2020-01-17,,,
2020-01-18,,,
2020-01-19,,,
2020-01-20,,,
2020-01-21,,,
2020-01-22,,,
2020-01-23,,,
2020-01-24,,,
2020-01-25,,,
2020-01-26,,,
2020-01-27,,,
2020-01-28,,,
2020-01-29,,,
2020-01-30,,,
2020-01-31,,,
2020-02-01,,,
2020-02-02,,,
2020-02-03,,,
2020-02-04,,,
2020-02-05,0.828,0.828,
2020-02-06,,0.838,
2020-02-07,0.848,0.848,
2020-02-08,,0.7915,
2020-02-09,0.735,0.735,
2020-02-10,0.876,0.876,
2020-02-11,,0.735,
2020-02-12,0.836,0.836,
2020-02-13,0.575,0.575,
2020-02-14,0.824,0.824,
2020-02-15,0.586,0.586,
2020-02-16,,0.7470000000000001,
2020-02-17,,0.586,
2020-02-18,,0.7319999999999999,
2020-02-19,,0.586,
2020-02-20,,0.773,
2020-02-21,,0.7319999999999999,
2020-02-22,0.786,0.786,
2020-02-23,0.846,0.846,
2020-02-24,0.872,0.872,
2020-02-25,,0.816,
2020-02-26,,0.8443333333333333,
2020-02-27,0.816,0.816,
2020-02-28,0.845,0.845,
2020-02-29,0.806,0.806,
2020-03-01,0.825,0.825,
2020-03-02,,0.825,
2020-03-03,0.821,0.821,
2020-03-04,,0.821,
2020-03-05,,0.8281666666666667,
2020-03-06,,0.806,
2020-03-07,,0.8423999999999999,
2020-03-08,,0.8634,
2020-03-09,0.8460000000000001,0.8460000000000001,
2020-03-10,,0.8460000000000001,
2020-03-11,0.874,0.874,
2020-03-12,,0.8423999999999999,
2020-03-13,,0.8634,
2020-03-14,,0.882,
2020-03-15,,0.882,
2020-03-16,,0.8726666666666668,
2020-03-17,,0.8744444444444444,
2020-03-18,,0.8744444444444444,
2020-03-19,0.89,0.89,
2020-03-20,,0.8703888888888889,
2020-03-21,,0.8726666666666668,
2020-03-22,0.875,0.875,
2020-03-23,0.853,0.853,
2020-03-24,,0.853,
2020-03-25,0.838,0.838,
2020-03-26,,0.875,
2020-03-27,,0.8770788690476191,
2020-03-28,,0.8703888888888889,
2020-03-29,,0.8703888888888889,
2020-03-30,,0.853,
2020-03-31,,0.8923333333333333,
2020-04-01,,0.928,
2020-04-02,,0.8978819444444445,
2020-04-03,,0.8703888888888889,
2020-04-04,,0.9030233134920634,
2020-04-05,0.911,0.911,
2020-04-06,0.928,0.928,
2020-04-07,,0.928,
2020-04-08,,0.923,
2020-04-09,,0.911,
2020-04-10,,0.9093333333333334,
2020-04-11,0.93,0.93,
2020-04-12,,0.916,
2020-04-13,0.902,0.902,
2020-04-14,0.857,0.857,
2020-04-15,0.904,0.904,
2020-04-16,0.924,0.924,
2020-04-17,0.935,0.935,
2020-04-18,0.927,0.927,
2020-04-19,0.802,0.802,
2020-04-20,,0.8968333333333334,
2020-04-21,,0.865,
2020-04-22,,0.865,
2020-04-23,,0.865,
2020-04-24,0.928,0.928,
2020-04-25,,0.926,
2020-04-26,,0.926,
2020-04-27,,0.926,
2020-04-28,0.924,0.924,
2020-04-29,0.447,0.447,
2020-04-30,0.902,0.902,
2020-05-01,0.916,0.916,
2020-05-02,,0.906,
2020-05-03,,0.902,
2020-05-04,0.9,0.9,
2020-05-05,,0.9,
2020-05-06,0.947,0.947,
2020-05-07,,0.947,
2020-05-08,0.934,0.934,
2020-05-09,0.94,0.94,
2020-05-10,0.934,0.934,
2020-05-11,0.852,0.852,
2020-05-12,1.006,1.006,
2020-05-13,,0.934,
2020-05-14,,0.9442115384615384,
2020-05-15,,0.947,
2020-05-16,,0.9418333333333332,
2020-05-17,,0.9595,
2020-05-18,,0.9479166666666666,
2020-05-19,,1.006,
2020-05-20,,0.9552115384615384,
2020-05-21,,0.9418333333333332,
2020-05-22,0.951,0.951,
2020-05-23,,0.968,
2020-05-24,,0.9595,
2020-05-25,,0.951,
2020-05-26,0.968,0.968,
2020-05-27,,0.968,
2020-05-28,,0.9555,MO
2020-05-29,,0.943,
2020-05-30,,0.9555,
2020-05-31,0.943,0.943,
2020-06-01,,0.9354054834054836,
2020-06-02,,0.9328333333333332,
2020-06-03,,0.9328333333333332,
2020-06-04,,0.9,
2020-06-05,,0.8726269841269841,
2020-06-06,,0.901,
2020-06-07,,0.7776529581529583,
2020-06-08,0.9,0.9,
2020-06-09,0.901,0.901,
2020-06-10,0.795,0.795,
2020-06-11,,0.6810555555555555,
2020-06-12,,0.5713333333333334,
2020-06-13,,0.5713333333333334,
2020-06-14,0.486,0.486,
2020-06-15,0.433,0.433,
2020-06-16,,0.486,
2020-06-17,0.32,0.32,
2020-06-18,0.111,0.111,
2020-06-19,0.158,0.158,
2020-06-20,0.4105,0.4105,
2020-06-21,,0.41025,
2020-06-22,0.41,0.41,
2020-06-23,0.245,0.245,
2020-06-24,0.501,0.501,
2020-06-25,,0.3706666666666667,PO
2020-06-26,,0.3706666666666667,
2020-06-27,0.366,0.366,
2020-06-28,0.122,0.122,
2020-06-29,0.288,0.288,
2020-06-30,0.117,0.117,
2020-07-01,0.278,0.278,
2020-07-02,0.17,0.17,
2020-07-03,,0.3595,
2020-07-04,0.549,0.549,
2020-07-05,,0.507,
2020-07-06,0.4649999999999999,0.4649999999999999,
2020-07-07,,0.4629285714285714,
2020-07-08,,0.451,
2020-07-09,,0.4579999999999999,
2020-07-10,0.451,0.451,
2020-07-11,,0.4362666666666667,
2020-07-12,,0.4083333333333334,
2020-07-13,,0.4083333333333334,PD
2020-07-14,,0.413,
2020-07-15,0.413,0.413,
2020-07-16,0.361,0.361,
2020-07-17,0.402,0.402,
2020-07-18,0.311,0.311,
2020-07-19,,0.2319999999999999,
2020-07-20,0.153,0.153,
2020-07-21,-0.01,-0.01,
2020-07-22,,-0.01,
2020-07-23,0.217,0.217,
2020-07-24,0.2835,0.2835,
2020-07-25,,0.1230555555555555,
2020-07-26,,0.046,
2020-07-27,,0.2118333333333333,
2020-07-28,,0.306,
2020-07-29,0.046,0.046,
2020-07-30,,0.306,
2020-07-31,,0.176,
2020-08-01,0.306,0.306,
2020-08-02,,0.1574166666666666,
2020-08-03,,0.306,
2020-08-04,,0.1063333333333333,PO
2020-08-05,-0.002,-0.002,
2020-08-06,0.015,0.015,
2020-08-07,,0.015,
2020-08-08,,0.0695555555555555,
2020-08-09,,-0.004,
2020-08-10,,-0.0005,
2020-08-11,,-0.004,
2020-08-12,-0.004,-0.004,
2020-08-13,-0.004,-0.004,
2020-08-14,,-0.004,
2020-08-15,,-0.004,
2020-08-16,-0.004,-0.004,
2020-08-17,,0.027,
2020-08-18,,0.0595,
2020-08-19,,0.027,
2020-08-20,0.123,0.123,
2020-08-21,0.027,0.027,
2020-08-22,,0.0115,
2020-08-23,-0.004,-0.004,
2020-08-24,0.004,0.004,
2020-08-25,0.067,0.067,
2020-08-26,,0.0236666666666666,
2020-08-27,,0.067,
2020-08-28,0.0,0.0,
2020-08-29,,0.0765,
2020-08-30,-0.001,-0.001,
2020-08-31,,0.154,
2020-09-01,,0.0765,
2020-09-02,,0.154,
2020-09-03,0.154,0.154,
2020-09-04,,0.151,
2020-09-05,,0.1329722222222222,
2020-09-06,,0.02,
2020-09-07,,0.1083333333333333,
2020-09-08,,0.151,
2020-09-09,,0.0931111111111111,
2020-09-10,0.151,0.151,
2020-09-11,0.02,0.02,
2020-09-12,,0.02,
2020-09-13,,0.0992016559829059,
2020-09-14,,0.0823112535612535,
2020-09-15,,0.0965845204178537,
2020-09-16,,0.0823112535612535,
2020-09-17,,0.0823112535612535,
2020-09-18,,0.1329722222222222,
2020-09-19,,0.0775185185185185,
2020-09-20,,0.0575555555555555,FO
2020-09-21,,0.0575555555555555,
2020-09-22,,0.151,
2020-09-23,,0.0776638176638176,
2020-09-24,,0.1365,
2020-09-25,,0.0968530389363722,
2020-09-26,,0.023,
2020-09-27,,0.1094085944919278,
2020-09-28,,0.0776638176638176,
2020-09-29,0.023,0.023,
2020-09-30,0.027,0.027,
2020-10-01,,0.0621666666666666,
2020-10-02,,0.0621666666666666,
2020-10-03,,0.0621666666666666,
2020-10-04,,0.1365,
2020-10-05,,0.1365,
2020-10-06,,0.1365,
2020-10-07,,0.19125,
2020-10-08,,0.19125,
2020-10-09,,0.19125,
2020-10-10,0.246,0.246,
2020-10-11,,,
2020-10-12,,,
2020-10-13,,,
2020-10-14,,,
2020-10-15,,,
2020-10-16,,,
2020-10-17,,,
2020-10-18,,,
2020-10-19,,,
2020-10-20,,,
2020-10-21,,,
2020-10-22,,,
2020-10-23,,,
2020-10-24,,,
2020-10-25,,,
2020-10-26,,,
2020-10-27,,,
2020-10-28,,,
2020-10-29,,,
2020-10-30,,,
2020-10-31,,,
2020-11-01,,,
2020-11-02,,,
2020-11-03,,,
2020-11-04,,,
2020-11-05,,,
2020-11-06,,,
2020-11-07,,,
2020-11-08,,,
2020-11-09,,,
2020-11-10,,,
2020-11-11,,,
2020-11-12,,,
2020-11-13,,,
2020-11-14,,,
2020-11-15,,,
2020-11-16,,,
2020-11-17,,,
2020-11-18,,,
2020-11-19,,,
2020-11-20,,,
2020-11-21,,,
2020-11-22,,,
2020-11-23,,,
2020-11-24,,,
2020-11-25,,,
2020-11-26,,,
2020-11-27,,,
2020-11-28,,,
2020-11-29,,,
2020-11-30,,,
2020-12-01,,,
2020-12-02,,,
2020-12-03,,,
2020-12-04,,,
2020-12-05,,,
2020-12-06,,,
2020-12-07,,,
2020-12-08,,,
2020-12-09,,,
2020-12-10,,,
2020-12-11,,,
2020-12-12,,,
2020-12-13,,,
2020-12-14,,,
2020-12-15,,,
2020-12-16,,,
2020-12-17,,,
2020-12-18,,,
2020-12-19,,,
2020-12-20,,,
2020-12-21,,,
2020-12-22,,,
2020-12-23,,,
2020-12-24,,,
2020-12-25,,,
2020-12-26,,,
2020-12-27,,,
2020-12-28,,,
2020-12-29,,,
2020-12-30,,,
2020-12-31,,,
2021-01-01,,,
2021-01-02,,,
2021-01-03,,,
2021-01-04,,,
2021-01-05,,,
2021-01-06,,,
2021-01-07,,,
2021-01-08,,,
2021-01-09,,,
2021-01-10,,,
2021-01-11,,,
2021-01-12,,,
2021-01-13,,,
2021-01-14,,,
2021-01-15,,,
2021-01-16,,,
2021-01-17,,,
2021-01-18,,,
2021-01-19,,,
2021-01-20,,,
2021-01-21,,,
2021-01-22,,,
2021-01-23,,,
2021-01-24,,,
2021-01-25,,,
2021-01-26,,,
2021-01-27,,,
2021-01-28,,,
2021-01-29,,,
2021-01-30,,,
2021-01-31,,,
2021-02-01,,,
2021-02-02,0.317,0.317,
2021-02-03,,0.317,
2021-02-04,,0.46075,
2021-02-05,,0.6045,
2021-02-06,,0.6045,
2021-02-07,,0.6045,
2021-02-08,,0.6497395833333334,
2021-02-09,,0.8746666666666666,
2021-02-10,0.892,0.892,
2021-02-11,,0.875,
2021-02-12,,0.8746666666666666,
2021-02-13,0.875,0.875,
2021-02-14,,0.857,
2021-02-15,0.839,0.839,
2021-02-16,0.752,0.752,
2021-02-17,,0.835,
2021-02-18,0.835,0.835,
2021-02-19,,0.835,
2021-02-20,,0.8254999999999999,
2021-02-21,,0.8301666666666666,
2021-02-22,0.816,0.816,
2021-02-23,,0.816,FU
2021-02-24,,0.8301666666666666,
2021-02-25,,0.8343333333333334,
2021-02-26,,0.8343333333333334,
2021-02-27,,0.842125,
2021-02-28,,0.842125,
2021-03-01,0.84,0.84,
2021-03-02,,0.847,
2021-03-03,,0.854,
2021-03-04,0.854,0.854,
2021-03-05,,0.854,
2021-03-06,,0.8614999999999999,
2021-03-07,,0.854,
2021-03-08,,0.8629166666666667,
2021-03-09,,0.85,
2021-03-10,0.868,0.868,
2021-03-11,0.906,0.906,
2021-03-12,0.8454999999999999,0.8454999999999999,
2021-03-13,0.85,0.85,
2021-03-14,,0.8754722222222222,
2021-03-15,,0.906,
2021-03-16,,0.8843333333333333,
2021-03-17,,0.8754722222222222,
2021-03-18,0.899,0.899,
2021-03-19,0.904,0.904,
2021-03-20,,0.8869398148148148,
2021-03-21,,0.8853333333333334,
2021-03-22,,0.899,
2021-03-23,,0.8853333333333334,
2021-03-24,,0.8853333333333334,
2021-03-25,,0.894,
2021-03-26,,0.8872268518518518,
2021-03-27,0.894,0.894,
2021-03-28,0.858,0.858,
2021-03-29,,0.8813333333333334,
2021-03-30,,0.8813333333333334,
2021-03-31,,0.892,
2021-04-01,,0.8890555555555556,
2021-04-02,0.892,0.892,
2021-04-03,,0.896,
2021-04-04,0.9,0.9,
2021-04-05,0.907,0.907,
2021-04-06,0.7755000000000001,0.7755000000000001,
2021-04-07,0.865,0.865,
2021-04-08,,0.865,
2021-04-09,,0.8775,
2021-04-10,,0.89,
2021-04-11,0.89,0.89,
2021-04-12,0.922,0.922,
2021-04-13,0.898,0.898,
2021-04-14,,0.898,
2021-04-15,0.772,0.772,
2021-04-16,,0.89,
2021-04-17,,0.88,
2021-04-18,,0.8540000000000001,
2021-04-19,,0.8540000000000001,
2021-04-20,,0.8540000000000001,
2021-04-21,0.936,0.936,
2021-04-22,,0.8937500000000002,
2021-04-23,,0.9225,
2021-04-24,,0.81,
2021-04-25,,0.8937500000000002,
2021-04-26,,0.936,
2021-04-27,0.909,0.909,
2021-04-28,0.92,0.92,
2021-04-29,,0.865,
2021-04-30,0.81,0.81,
2021-05-01,0.937,0.937,
2021-05-02,0.925,0.925,
2021-05-03,0.961,0.961,
2021-05-04,,0.91945,
2021-05-05,,0.91945,
2021-05-06,,0.961,
2021-05-07,,0.9475,
2021-05-08,,0.9475,
2021-05-09,,0.9308166666666668,
2021-05-10,,0.9475,
2021-05-11,0.934,0.934,
2021-05-12,,0.934,
2021-05-13,0.927,0.927,
2021-05-14,0.878,0.878,
2021-05-15,,0.9203333333333332,
2021-05-16,,0.9203333333333332,
2021-05-17,0.956,0.956,
2021-05-18,0.929,0.929,
2021-05-19,,0.944,
2021-05-20,,0.929,
2021-05-21,0.947,0.947,
2021-05-22,0.9485,0.9485,
2021-05-23,,0.9438333333333334,
2021-05-24,,0.936,
2021-05-25,0.936,0.936,
2021-05-26,0.918,0.918,
2021-05-27,0.826,0.826,
2021-05-28,,0.932,
2021-05-29,0.932,0.932,
2021-05-30,,0.932,
2021-05-31,,0.932,MO
2021-06-01,0.932,0.932,
2021-06-02,,0.9455,
2021-06-03,,0.932,
2021-06-04,0.959,0.959,
2021-06-05,,0.959,
2021-06-06,,0.934138888888889,
2021-06-07,0.9225,0.9225,
2021-06-08,,0.9209166666666666,
2021-06-09,0.9193333333333332,0.9193333333333332,
2021-06-10,0.864,0.864,
2021-06-11,0.847,0.847,
2021-06-12,0.907,0.907,
2021-06-13,,0.9193333333333332,
2021-06-14,,0.6655,
2021-06-15,,0.6655,
2021-06-16,0.424,0.424,
2021-06-17,0.386,0.386,
2021-06-18,,0.3175,
2021-06-19,0.249,0.249,
2021-06-20,0.303,0.303,
2021-06-21,,0.2799444444444444,
2021-06-22,,0.3076666666666667,
2021-06-23,,0.183,
2021-06-24,,0.2799444444444444,
2021-06-25,0.371,0.371,
2021-06-26,,0.277,PO
2021-06-27,0.183,0.183,
2021-06-28,0.238,0.238,
2021-06-29,,0.238,
2021-06-30,0.308,0.308,
2021-07-01,,0.3705,
2021-07-02,,0.3705,
2021-07-03,,0.433,
2021-07-04,0.433,0.433,
2021-07-05,,0.433,
2021-07-06,0.357,0.357,
2021-07-07,0.559,0.559,
2021-07-08,0.623,0.623,
2021-07-09,0.4014999999999999,0.4014999999999999,
2021-07-10,0.398,0.398,
2021-07-11,0.45725,0.45725,
2021-07-12,0.45,0.45,
2021-07-13,,0.45725,PD
2021-07-14,,0.4725,
2021-07-15,0.52,0.52,
2021-07-16,,0.4475,
2021-07-17,0.375,0.375,
2021-07-18,0.357,0.357,
2021-07-19,0.204,0.204,
2021-07-20,,0.2309999999999999,
2021-07-21,0.258,0.258,
2021-07-22,,0.2019999999999999,
2021-07-23,,0.094,
2021-07-24,,0.176,
2021-07-25,,0.094,
2021-07-26,0.094,0.094,
2021-07-27,,0.0883333333333333,
2021-07-28,,0.0883333333333333,
2021-07-29,,0.0883333333333333,
2021-07-30,,0.0344999999999999,
2021-07-31,,0.0883333333333333,
2021-08-01,-0.005,-0.005,
2021-08-02,,0.0145,
2021-08-03,,0.0145,
2021-08-04,0.034,0.034,OW
2021-08-05,,0.0145,
2021-08-06,,-0.005,
2021-08-07,-0.005,-0.005,
2021-08-08,,0.0145,
2021-08-09,,0.0056388888888888,
2021-08-10,,-0.005,
2021-08-11,,-0.0026666666666666,
2021-08-12,,-0.0015,
2021-08-13,,-0.001233694083694,
2021-08-14,-0.002,-0.002,
2021-08-15,,-0.001,
2021-08-16,0.0,0.0,
2021-08-17,,-0.0015,
2021-08-18,,0.0,
2021-08-19,,-0.0005428571428571,
2021-08-20,-0.01,-0.01,
2021-08-21,0.004,0.004,
2021-08-22,0.003,0.003,
2021-08-23,,0.0002,
2021-08-24,,0.003,
2021-08-25,,0.1032,
2021-08-26,0.001,0.001,
2021-08-27,,0.17,
2021-08-28,0.339,0.339,
2021-08-29,,0.0719957268794091,
2021-08-30,,0.1054861904761904,
2021-08-31,,0.07858624750481,
2021-09-01,,0.0002,
2021-09-02,,0.1054861904761904,
2021-09-03,,0.0002,
2021-09-04,,0.1229304761904762,
2021-09-05,,0.1175714285714285,
2021-09-06,,0.1663333333333333,
2021-09-07,,0.339,
2021-09-08,,0.1175714285714285,
2021-09-09,,0.1175714285714285,
2021-09-10,,0.0851242857142857,
2021-09-11,,0.004,
2021-09-12,,0.0593231593915343,
2021-09-13,,0.004,
2021-09-14,,0.0576095716011042,
2021-09-15,,0.004,
2021-09-16,-0.01,-0.01,
2021-09-17,-0.01,-0.01,
2021-09-18,,-0.0053333333333333,
2021-09-19,,0.004,
2021-09-20,,-0.0013333333333333,
2021-09-21,0.004,0.004,
2021-09-22,,0.004,
2021-09-23,0.004,0.004,
2021-09-24,,0.0331073908730158,
2021-09-25,,0.004,
2021-09-26,,0.0419002314814814,
2021-09-27,,0.0941666666666666,
2021-09-28,,0.0449722222222222,
2021-09-29,,0.0449722222222222,
2021-09-30,,0.0941666666666666,
2021-10-01,,0.1135,
2021-10-02,,0.0823923611111111,
2021-10-03,,0.0941666666666666,
2021-10-04,,0.0753446759259259,
2021-10-05,,0.1135,
2021-10-06,0.165,0.165,
2021-10-07,,0.1135,
2021-10-08,,0.1135,
2021-10-09,,0.062,
2021-10-10,0.062,0.062,
2021-10-11,,0.038,
2021-10-12,,0.0419999999999999,
2021-10-13,,0.038,
2021-10-14,0.022,0.022,
2021-10-15,,0.075,
2021-10-16,,0.036,
2021-10-17,,0.036,
2021-10-18,,0.038,
2021-10-19,,0.075,
2021-10-20,,0.054,
2021-10-21,0.042,0.042,
2021-10-22,0.05,0.05,
2021-10-23,0.075,0.075,
2021-10-24,,0.048,
2021-10-25,0.021,0.021,
2021-10-26,0.133,0.133,
2021-10-27,,,
2021-10-28,,,
2021-10-29,,,
2021-10-30,,,
2021-10-31,,,
2021-11-01,,0.148,
2021-11-02,,,
2021-11-03,,,
2021-11-04,,,
2021-11-05,,,
2021-11-06,,,
2021-11-07,,,
2021-11-08,0.29,0.29,
