system:time_start,B2,B2_interpolate,B2_interpolate_phenology
2017-02-21,0.723,0.723,
2017-02-22,0.7044999999999999,0.7044999999999999,
2017-02-23,,0.6445,
2017-02-24,0.6445,0.6445,
2017-02-25,0.725,0.725,
2017-02-26,,0.714,
2017-02-27,0.703,0.703,
2017-02-28,,0.6563333333333333,
2017-03-01,,0.6135833333333334,
2017-03-02,0.552,0.552,
2017-03-03,,0.6135833333333334,
2017-03-04,,0.6436645833333334,
2017-03-05,,0.6135833333333334,
2017-03-06,,0.6135833333333334,
2017-03-07,,0.552,
2017-03-08,,0.6334,
2017-03-09,,0.5895537037037036,
2017-03-10,,0.5895537037037036,
2017-03-11,,0.5895537037037036,
2017-03-12,0.694,0.694,
2017-03-13,0.76,0.76,
2017-03-14,0.609,0.609,
2017-03-15,,0.309,
2017-03-16,0.309,0.309,
2017-03-17,0.826,0.826,
2017-03-18,0.766,0.766,
2017-03-19,0.746,0.746,
2017-03-20,0.775,0.775,
2017-03-21,,0.508,
2017-03-22,0.556,0.556,
2017-03-23,,0.556,
2017-03-24,0.508,0.508,
2017-03-25,,0.804,
2017-03-26,0.804,0.804,
2017-03-27,,0.804,
2017-03-28,0.8280000000000001,0.8280000000000001,
2017-03-29,,0.8280000000000001,
2017-03-30,,0.82225,
2017-03-31,,0.8405,
2017-04-01,,0.8405,
2017-04-02,,0.82225,
2017-04-03,,0.8441759259259259,
2017-04-04,0.853,0.853,
2017-04-05,,0.85025,
2017-04-06,,0.854,
2017-04-07,,0.8534999999999999,FU
2017-04-08,,0.854,
2017-04-09,,0.8555833333333333,
2017-04-10,,0.854,
2017-04-11,0.854,0.854,
2017-04-12,,0.854,
2017-04-13,0.85,0.85,
2017-04-14,0.869,0.869,
2017-04-15,0.838,0.838,
2017-04-16,0.83,0.83,
2017-04-17,0.851,0.851,
2017-04-18,0.8395,0.8395,
2017-04-19,,0.86175,
2017-04-20,0.884,0.884,
2017-04-21,,0.6885833333333333,
2017-04-22,,0.86175,
2017-04-23,0.32,0.32,
2017-04-24,,0.32,
2017-04-25,,0.584,
2017-04-26,,0.584,
2017-04-27,0.848,0.848,
2017-04-28,0.76,0.76,
2017-04-29,0.687,0.687,
2017-04-30,0.883,0.883,
2017-05-01,0.84,0.84,
2017-05-02,0.795,0.795,
2017-05-03,0.391,0.391,
2017-05-04,,0.391,
2017-05-05,0.827,0.827,
2017-05-06,0.8674999999999999,0.8674999999999999,
2017-05-07,0.814,0.814,
2017-05-08,0.703,0.703,
2017-05-09,,0.8093571428571428,
2017-05-10,,0.703,
2017-05-11,,0.823,
2017-05-12,,0.823,
2017-05-13,0.928,0.928,
2017-05-14,0.838,0.838,
2017-05-15,0.848,0.848,
2017-05-16,0.83,0.83,
2017-05-17,0.565,0.565,
2017-05-18,,0.7906666666666666,
2017-05-19,,0.7906666666666666,
2017-05-20,,0.7906666666666666,
2017-05-21,,0.7771666666666667,
2017-05-22,,0.83,
2017-05-23,0.858,0.858,
2017-05-24,0.805,0.805,
2017-05-25,0.789,0.789,
2017-05-26,0.816,0.816,
2017-05-27,0.857,0.857,
2017-05-28,0.71,0.71,
2017-05-29,,0.764,
2017-05-30,0.818,0.818,
2017-05-31,,0.7065555555555556,
2017-06-01,,0.6973333333333332,
2017-06-02,,0.6973333333333332,
2017-06-03,,0.881,
2017-06-04,0.393,0.393,
2017-06-05,0.881,0.881,
2017-06-06,0.737,0.737,
2017-06-07,0.8175,0.8175,
2017-06-08,0.761,0.761,
2017-06-09,0.638,0.638,
2017-06-10,,0.7613333333333333,MO
2017-06-11,,0.761,
2017-06-12,0.885,0.885,
2017-06-13,,0.765,
2017-06-14,0.765,0.765,
2017-06-15,,0.491,
2017-06-16,,0.6098333333333333,
2017-06-17,0.491,0.491,
2017-06-18,,0.5735,
2017-06-19,0.656,0.656,
2017-06-20,0.618,0.618,
2017-06-21,0.763,0.763,
2017-06-22,0.582,0.582,
2017-06-23,0.7224999999999999,0.7224999999999999,
2017-06-24,,0.5725,
2017-06-25,,0.5725,
2017-06-26,0.413,0.413,
2017-06-27,,0.7224999999999999,
2017-06-28,,0.17,
2017-06-29,0.035,0.035,
2017-06-30,0.062,0.062,
2017-07-01,0.165,0.165,
2017-07-02,,0.121,
2017-07-03,0.077,0.077,
2017-07-04,0.09,0.09,
2017-07-05,0.091,0.091,
2017-07-06,0.162,0.162,
2017-07-07,0.2715,0.2715,
2017-07-08,0.181,0.181,
2017-07-09,,0.1545,
2017-07-10,,0.1196125,
2017-07-11,,0.1545,
2017-07-12,,0.1545,PO
2017-07-13,,0.1545,
2017-07-14,,0.093625,
2017-07-15,,0.093625,
2017-07-16,,0.0645,
2017-07-17,0.011,0.011,
2017-07-18,0.028,0.028,
2017-07-19,,0.028,
2017-07-20,,0.0923663017233741,
2017-07-21,,0.1545,
2017-07-22,,0.0766152783967122,
2017-07-23,,0.0766152783967122,
2017-07-24,,0.0682619949494949,
2017-07-25,,0.0645,
2017-07-26,,0.0477986111111111,
2017-07-27,,0.028,
2017-07-28,,0.0376666666666666,
2017-07-29,,0.0376666666666666,
2017-07-30,,0.0294756313131313,
2017-07-31,,0.052,
2017-08-01,,0.025227662037037,
2017-08-02,,0.0645,
2017-08-03,,0.0260942907080059,
2017-08-04,,0.0245091040614478,
2017-08-05,,0.0245091040614478,
2017-08-06,0.052,0.052,
2017-08-07,,0.033,
2017-08-08,0.014,0.014,
2017-08-09,,0.0226,
2017-08-10,,0.014,
2017-08-11,,0.0095,
2017-08-12,0.0,0.0,
2017-08-13,,0.0065,
2017-08-14,0.013,0.013,
2017-08-15,0.02,0.02,
2017-08-16,,0.011,
2017-08-17,0.011,0.011,
2017-08-18,,0.0094848484848484,
2017-08-19,,0.0094848484848484,
2017-08-20,,0.0115833333333333,
2017-08-21,,0.0115833333333333,
2017-08-22,,0.0085,
2017-08-23,,0.0085,
2017-08-24,,0.006,
2017-08-25,,0.00725,
2017-08-26,,0.00725,
2017-08-27,0.006,0.006,
2017-08-28,,0.0094848484848484,
2017-08-29,,0.0132217931265782,
2017-08-30,,0.0138368055555555,
2017-08-31,,0.0138368055555555,
2017-09-01,,0.0206944444444444,
2017-09-02,,0.0195,
2017-09-03,,0.0206944444444444,
2017-09-04,,0.0206944444444444,
2017-09-05,,0.0138368055555555,
2017-09-06,,0.0181866319444444,
2017-09-07,,0.0138368055555555,
2017-09-08,,0.0161217966965037,
2017-09-09,0.033,0.033,
2017-09-10,,0.025,
2017-09-11,,0.0203333333333333,
2017-09-12,,0.0203333333333333,
2017-09-13,,0.007,
2017-09-14,,0.0169999999999999,
2017-09-15,,0.0169999999999999,
2017-09-16,,0.0185416666666666,
2017-09-17,,0.0185416666666666,
2017-09-18,0.011,0.011,FO
2017-09-19,0.007,0.007,
2017-09-20,0.004,0.004,
2017-09-21,0.031,0.031,
2017-09-22,,0.0265208333333333,
2017-09-23,,0.043,
2017-09-24,,0.0241666666666666,
2017-09-25,,0.049,
2017-09-26,,0.043,
2017-09-27,,0.043,
2017-09-28,,0.1048185185185185,
2017-09-29,,0.2572,
2017-09-30,0.049,0.049,
2017-10-01,,0.049,
2017-10-02,0.398,0.398,
2017-10-03,,0.049,
2017-10-04,,0.2572,
2017-10-05,,0.398,
2017-10-06,,0.396,
2017-10-07,,0.68,
2017-10-08,,0.3783925925925926,
2017-10-09,,0.68,
2017-10-10,0.394,0.394,
2017-10-11,0.145,0.145,
2017-10-12,,0.4063333333333334,
2017-10-13,,0.68,
2017-10-14,0.68,0.68,
2017-10-15,,,
2017-10-16,0.416,0.416,
2017-10-17,,,
2017-10-18,,,
2017-10-19,,,
2017-10-20,,,
2017-10-21,,,
2017-10-22,,,
2017-10-23,,,
2017-10-24,,,
2017-10-25,,,
2017-10-26,,,
2017-10-27,,,
2017-10-28,,,
2017-10-29,,,
2017-10-30,,,
2017-10-31,,,
2017-11-01,,,
2017-11-02,,,
2017-11-03,,,
2017-11-04,,,
2017-11-05,,,
2017-11-06,,,
2017-11-07,,,
2017-11-08,,,
2017-11-09,,,
2017-11-10,,,
2017-11-11,,,
2017-11-12,,,
2017-11-13,,,
2017-11-14,,,
2017-11-15,,,
2017-11-16,,,
2017-11-17,,,
2017-11-18,,,
2017-11-19,,,
2017-11-20,,,
2017-11-21,,,
2017-11-22,,,
2017-11-23,,,
2017-11-24,,,
2017-11-25,,,
2017-11-26,,,
2017-11-27,,,
2017-11-28,,,
2017-11-29,,,
2017-11-30,,,
2017-12-01,,,
2017-12-02,,,
2017-12-03,,,
2017-12-04,,,
2017-12-05,,,
2017-12-06,,,
2017-12-07,,,
2017-12-08,,,
2017-12-09,,,
2017-12-10,,,
2017-12-11,,,
2017-12-12,,,
2017-12-13,,,
2017-12-14,,,
2017-12-15,,,
2017-12-16,,,
2017-12-17,,,
2017-12-18,,,
2017-12-19,,,
2017-12-20,,,
2017-12-21,,,
2017-12-22,,,
2017-12-23,,,
2017-12-24,,,
2017-12-25,,,
2017-12-26,,,
2017-12-27,,,
2017-12-28,,,
2017-12-29,,,
2017-12-30,,,
2017-12-31,,,
2018-01-01,,,
2018-01-02,,,
2018-01-03,,,
2018-01-04,,,
2018-01-05,,,
2018-01-06,,,
2018-01-07,,,
2018-01-08,,,
2018-01-09,,,
2018-01-10,,,
2018-01-11,,,
2018-01-12,,,
2018-01-13,,,
2018-01-14,,,
2018-01-15,,,
2018-01-16,,,
2018-01-17,,,
2018-01-18,,,
2018-01-19,,,
2018-01-20,,,
2018-01-21,,,
2018-01-22,,,
2018-01-23,,,
2018-01-24,,,
2018-01-25,,,
2018-01-26,,,
2018-01-27,,,
2018-01-28,,,
2018-01-29,,,
2018-01-30,,,
2018-01-31,,,
2018-02-01,,,
2018-02-02,,,
2018-02-03,,,
2018-02-04,,,
2018-02-05,,,
2018-02-06,,,
2018-02-07,,,
2018-02-08,,,
2018-02-09,,,
2018-02-10,,,
2018-02-11,,,
2018-02-12,,,
2018-02-13,,,
2018-02-14,,,
2018-02-15,,,
2018-02-16,,,
2018-02-17,,,
2018-02-18,,,
2018-02-19,,,
2018-02-20,0.886,0.886,
2018-02-21,,0.6295,
2018-02-22,,,
2018-02-23,,0.5963333333333333,
2018-02-24,0.373,0.373,
2018-02-25,0.454,0.454,
2018-02-26,0.698,0.698,
2018-02-27,0.5375,0.5375,
2018-02-28,0.517,0.517,
2018-03-01,0.287,0.287,
2018-03-02,,0.4085,
2018-03-03,,0.4085,
2018-03-04,,0.5976666666666667,
2018-03-05,0.53,0.53,
2018-03-06,0.734,0.734,
2018-03-07,,0.5976666666666667,
2018-03-08,,0.53,
2018-03-09,0.529,0.529,
2018-03-10,0.578,0.578,
2018-03-11,,0.6243333333333333,
2018-03-12,,0.6243333333333333,
2018-03-13,0.766,0.766,
2018-03-14,0.812,0.812,
2018-03-15,0.7435,0.7435,
2018-03-16,0.777,0.777,
2018-03-17,0.793,0.793,
2018-03-18,0.743,0.743,
2018-03-19,0.506,0.506,
2018-03-20,0.8,0.8,
2018-03-21,,0.806,
2018-03-22,0.812,0.812,
2018-03-23,,0.7245,
2018-03-24,,0.8,
2018-03-25,,0.7631666666666668,
2018-03-26,0.654,0.654,
2018-03-27,,0.769,
2018-03-28,,0.654,
2018-03-29,0.884,0.884,FU
2018-03-30,,0.8066666666666666,
2018-03-31,0.8066666666666666,0.8066666666666666,
2018-04-01,0.8,0.8,
2018-04-02,0.891,0.891,
2018-04-03,0.812,0.812,
2018-04-04,0.805,0.805,
2018-04-05,0.839,0.839,
2018-04-06,,0.8345,
2018-04-07,0.83,0.83,
2018-04-08,0.829,0.829,
2018-04-09,0.815,0.815,
2018-04-10,0.806,0.806,
2018-04-11,0.703,0.703,
2018-04-12,,0.742,
2018-04-13,,0.717,
2018-04-14,0.717,0.717,
2018-04-15,,0.717,
2018-04-16,0.7969999999999999,0.7969999999999999,
2018-04-17,,0.751,
2018-04-18,0.751,0.751,
2018-04-19,0.818,0.818,
2018-04-20,,0.846,
2018-04-21,0.874,0.874,
2018-04-22,,0.8795,
2018-04-23,0.885,0.885,
2018-04-24,,0.8566625,
2018-04-25,,0.8566625,
2018-04-26,,0.8911666666666666,
2018-04-27,,0.717,
2018-04-28,,0.8217916666666666,
2018-04-29,,0.8911666666666666,
2018-04-30,0.909,0.909,
2018-05-01,0.602,0.602,
2018-05-02,,0.8200556754298942,
2018-05-03,,0.8911666666666666,
2018-05-04,,0.8122601851851852,
2018-05-05,,0.7370151041666667,
2018-05-06,,0.8042430555555556,
2018-05-07,,0.769,
2018-05-08,,0.7653111111111112,
2018-05-09,,0.7370151041666667,
2018-05-10,,0.7370151041666667,
2018-05-11,,0.7447971376424503,
2018-05-12,,0.7447971376424503,
2018-05-13,0.769,0.769,
2018-05-14,0.8325,0.8325,
2018-05-15,0.753,0.753,
2018-05-16,,0.7263666666666668,
2018-05-17,,0.6437000000000002,
2018-05-18,,0.6437000000000002,
2018-05-19,,0.539,
2018-05-20,,0.539,
2018-05-21,,0.821,
2018-05-22,,0.7099666666666666,
2018-05-23,,0.325,
2018-05-24,0.325,0.325,
2018-05-25,,0.821,
2018-05-26,0.821,0.821,
2018-05-27,0.943,0.943,
2018-05-28,,0.829,MO
2018-05-29,0.715,0.715,
2018-05-30,0.849,0.849,
2018-05-31,0.751,0.751,
2018-06-01,0.947,0.947,
2018-06-02,0.84,0.84,
2018-06-03,,0.8173333333333334,
2018-06-04,,0.8173333333333334,
2018-06-05,0.665,0.665,
2018-06-06,0.806,0.806,
2018-06-07,0.451,0.451,
2018-06-08,,0.6165555555555556,
2018-06-09,,0.6165555555555556,
2018-06-10,,0.447,
2018-06-11,,0.4615,
2018-06-12,,0.431,
2018-06-13,0.513,0.513,
2018-06-14,0.447,0.447,
2018-06-15,,0.333,
2018-06-16,0.219,0.219,
2018-06-17,0.391,0.391,
2018-06-18,0.431,0.431,
2018-06-19,,0.3025,
2018-06-20,0.174,0.174,
2018-06-21,,0.3256388888888889,
2018-06-22,,0.174,
2018-06-23,,0.3265833333333333,
2018-06-24,,0.3119166666666667,PO
2018-06-25,,0.3119166666666667,
2018-06-26,,0.3119166666666667,
2018-06-27,,0.3023888888888889,
2018-06-28,0.331,0.331,
2018-06-29,0.33,0.33,
2018-06-30,0.335,0.335,
2018-07-01,0.399,0.399,
2018-07-02,0.363,0.363,
2018-07-03,0.151,0.151,
2018-07-04,,0.331,
2018-07-05,,0.3265,
2018-07-06,,0.346,
2018-07-07,,0.346,
2018-07-08,,0.256,
2018-07-09,0.473,0.473,
2018-07-10,0.238,0.238,
2018-07-11,,0.363,
2018-07-12,0.488,0.488,
2018-07-13,0.147,0.147,
2018-07-14,,0.488,
2018-07-15,,0.256,
2018-07-16,,0.147,
2018-07-17,0.365,0.365,
2018-07-18,0.177,0.177,
2018-07-19,,0.2345,
2018-07-20,0.292,0.292,
2018-07-21,,0.1831666666666666,
2018-07-22,,0.292,
2018-07-23,0.023,0.023,
2018-07-24,,0.177,
2018-07-25,,0.1238060606060606,
2018-07-26,,0.0532,
2018-07-27,,0.0065,
2018-07-28,,0.0065,
2018-07-29,,0.0532,
2018-07-30,,0.0065,
2018-07-31,-0.01,-0.01,
2018-08-01,0.104,0.104,
2018-08-02,0.1425,0.1425,
2018-08-03,,0.1425,
2018-08-04,,0.0949005555555555,
2018-08-05,,0.1308333333333333,
2018-08-06,,0.1308333333333333,
2018-08-07,,0.146,
2018-08-08,,0.0991388888888889,
2018-08-09,,0.0991388888888889,
2018-08-10,,0.117748556998557,
2018-08-11,0.146,0.146,
2018-08-12,,0.0935,
2018-08-13,,0.041,
2018-08-14,0.041,0.041,
2018-08-15,,0.1659999999999999,
2018-08-16,,0.1349285714285714,
2018-08-17,,0.1659999999999999,
2018-08-18,,0.1659999999999999,
2018-08-19,,0.1659999999999999,
2018-08-20,,0.21725,
2018-08-21,,0.1659999999999999,
2018-08-22,0.291,0.291,
2018-08-23,,0.261,
2018-08-24,,0.276,
2018-08-25,,0.276,
2018-08-26,0.261,0.261,
2018-08-27,,0.261,
2018-08-28,,0.2724999999999999,
2018-08-29,0.284,0.284,
2018-08-30,,0.2656915637860082,
2018-08-31,,0.276,
2018-09-01,,0.2754166666666667,
2018-09-02,,0.2320833333333333,
2018-09-03,,0.2320833333333333,
2018-09-04,,0.2132901234567901,
2018-09-05,,0.2132901234567901,
2018-09-06,0.391,0.391,
2018-09-07,,0.183,
2018-09-08,,0.079,
2018-09-09,,0.183,
2018-09-10,0.079,0.079,
2018-09-11,,0.2131111111111111,
2018-09-12,,0.079,
2018-09-13,,0.2086666666666666,
2018-09-14,,0.2172222222222222,
2018-09-15,,0.2172222222222222,
2018-09-16,,0.2172222222222222,
2018-09-17,0.364,0.364,
2018-09-18,,0.364,
2018-09-19,,0.2740329365079365,
2018-09-20,,0.3161777777777778,
2018-09-21,,0.3161777777777778,
2018-09-22,,0.3624444444444444,
2018-09-23,,0.3624444444444444,
2018-09-24,,0.364,
2018-09-25,,0.3169944444444444,
2018-09-26,,0.3624444444444444,
2018-09-27,,0.3068132478632478,
2018-09-28,0.42,0.42,
2018-09-29,,0.3033333333333333,
2018-09-30,,0.2799999999999999,
2018-10-01,,0.2799999999999999,
2018-10-02,,0.2799999999999999,
2018-10-03,0.21,0.21,
2018-10-04,,0.21,
2018-10-05,0.247,0.247,
2018-10-06,,,
2018-10-07,,,
2018-10-08,,,
2018-10-09,,,
2018-10-10,,,
2018-10-11,,,
2018-10-12,,,
2018-10-13,,,
2018-10-14,,,
2018-10-15,,,
2018-10-16,,,
2018-10-17,,,
2018-10-18,,,
2018-10-19,,,
2018-10-20,,,
2018-10-21,,,
2018-10-22,,,
2018-10-23,,,
2018-10-24,,,
2018-10-25,,,
2018-10-26,,,
2018-10-27,,,
2018-10-28,,,
2018-10-29,,,
2018-10-30,,,
2018-10-31,,,
2018-11-01,,,
2018-11-02,,,
2018-11-03,,,
2018-11-04,,,
2018-11-05,,,
2018-11-06,,,
2018-11-07,,,
2018-11-08,,,
2018-11-09,,,
2018-11-10,,,
2018-11-11,,,
2018-11-12,,,
2018-11-13,,,
2018-11-14,,,
2018-11-15,,,
2018-11-16,,,
2018-11-17,,,
2018-11-18,,,
2018-11-19,,,
2018-11-20,,,
2018-11-21,,,
2018-11-22,,,
2018-11-23,,,
2018-11-24,,,
2018-11-25,,,
2018-11-26,,,
2018-11-27,,,
2018-11-28,,,
2018-11-29,,,
2018-11-30,,,
2018-12-01,,,
2018-12-02,,,
2018-12-03,,,
2018-12-04,,,
2018-12-05,,,
2018-12-06,,,
2018-12-07,,,
2018-12-08,,,
2018-12-09,,,
2018-12-10,,,
2018-12-11,,,
2018-12-12,,,
2018-12-13,,,
2018-12-14,,,
2018-12-15,,,
2018-12-16,,,
2018-12-17,,,
2018-12-18,,,
2018-12-19,,,
2018-12-20,,,
2018-12-21,,,
2018-12-22,,,
2018-12-23,,,
2018-12-24,,,
2018-12-25,,,
2018-12-26,,,
2018-12-27,,,
2018-12-28,,,
2018-12-29,,,
2018-12-30,,,
2018-12-31,,,
2019-01-01,,,
2019-01-02,,,
2019-01-03,,,
2019-01-04,,,
2019-01-05,,,
2019-01-06,,,
2019-01-07,,,
2019-01-08,,,
2019-01-09,,,
2019-01-10,,,
2019-01-11,,,
2019-01-12,,,
2019-01-13,,,
2019-01-14,,,
2019-01-15,,,
2019-01-16,,,
2019-01-17,,,
2019-01-18,,,
2019-01-19,,,
2019-01-20,,,
2019-01-21,,,
2019-01-22,,,
2019-01-23,,,
2019-01-24,,,
2019-01-25,,,
2019-01-26,,,
2019-01-27,,,
2019-01-28,,,
2019-01-29,,,
2019-01-30,,,
2019-01-31,,,
2019-02-01,,,
2019-02-02,,,
2019-02-03,,,
2019-02-04,,,
2019-02-05,,,
2019-02-06,,,
2019-02-07,,,
2019-02-08,,,
2019-02-09,,,
2019-02-10,,,
2019-02-11,,,
2019-02-12,,,
2019-02-13,,,
2019-02-14,,,
2019-02-15,,,
2019-02-16,,,
2019-02-17,,,
2019-02-18,,,
2019-02-19,,,
2019-02-20,,,
2019-02-21,0.606,0.606,
2019-02-22,0.526,0.526,
2019-02-23,,0.526,
2019-02-24,,0.62,
2019-02-25,,0.714,
2019-02-26,0.714,0.714,
2019-02-27,0.738,0.738,
2019-02-28,0.706,0.706,
2019-03-01,0.484,0.484,
2019-03-02,0.614,0.614,
2019-03-03,0.725,0.725,
2019-03-04,0.756,0.756,
2019-03-05,0.669,0.669,
2019-03-06,0.724,0.724,
2019-03-07,0.7064999999999999,0.7064999999999999,
2019-03-08,0.734,0.734,
2019-03-09,0.584,0.584,
2019-03-10,,0.6965833333333333,
2019-03-11,,0.6890000000000001,
2019-03-12,,0.6890000000000001,
2019-03-13,,0.741,
2019-03-14,0.742,0.742,
2019-03-15,,0.741,
2019-03-16,0.741,0.741,
2019-03-17,0.764,0.764,
2019-03-18,0.744,0.744,
2019-03-19,0.375,0.375,
2019-03-20,,0.6269895833333334,
2019-03-21,,0.764,
2019-03-22,,0.47975,
2019-03-23,,0.5866666666666667,
2019-03-24,,0.5866666666666667,
2019-03-25,0.5845,0.5845,
2019-03-26,,0.64175,
2019-03-27,,0.807,
2019-03-28,,0.6957500000000001,
2019-03-29,,0.7965,
2019-03-30,0.807,0.807,
2019-03-31,,0.807,
2019-04-01,,0.7965,
2019-04-02,,0.7965,
2019-04-03,0.786,0.786,
2019-04-04,,0.786,
2019-04-05,,0.797,
2019-04-06,0.796,0.796,
2019-04-07,,0.8089999999999999,
2019-04-08,0.822,0.822,
2019-04-09,0.813,0.813,
2019-04-10,0.577,0.577,
2019-04-11,0.88,0.88,
2019-04-12,,0.82,
2019-04-13,0.82,0.82,
2019-04-14,0.868,0.868,
2019-04-15,0.899,0.899,
2019-04-16,,0.899,
2019-04-17,0.82,0.82,
2019-04-18,,0.8514999999999999,
2019-04-19,0.8514999999999999,0.8514999999999999,
2019-04-20,,0.899,
2019-04-21,,0.8523333333333333,
2019-04-22,,0.8514999999999999,
2019-04-23,,0.8528666666666667,
2019-04-24,0.854,0.854,
2019-04-25,,0.8534999999999999,
2019-04-26,0.853,0.853,
2019-04-27,,0.8505333333333334,
2019-04-28,,0.8505333333333334,
2019-04-29,,0.8368333333333333,
2019-04-30,,0.853,
2019-05-01,,0.8323666666666668,
2019-05-02,,0.804,
2019-05-03,0.804,0.804,
2019-05-04,,0.826,
2019-05-05,,0.815,
2019-05-06,,0.826,
2019-05-07,0.826,0.826,
2019-05-08,0.818,0.818,
2019-05-09,,0.5953333333333333,
2019-05-10,,0.826,
2019-05-11,0.142,0.142,
2019-05-12,,0.452,
2019-05-13,,0.43475,
2019-05-14,,0.452,
2019-05-15,0.7275,0.7275,
2019-05-16,0.987,0.987,
2019-05-17,,0.6352083333333334,
2019-05-18,,0.452,
2019-05-19,,0.758,
2019-05-20,,0.987,
2019-05-21,0.452,0.452,
2019-05-22,0.835,0.835,
2019-05-23,0.841,0.841,
2019-05-24,0.833,0.833,
2019-05-25,0.669,0.669,
2019-05-26,0.526,0.526,
2019-05-27,0.372,0.372,
2019-05-28,0.86,0.86,
2019-05-29,,0.831,
2019-05-30,0.802,0.802,
2019-05-31,0.776,0.776,MO
2019-06-01,,0.7965000000000001,
2019-06-02,,0.7965000000000001,
2019-06-03,,0.7965000000000001,
2019-06-04,,0.6958333333333333,
2019-06-05,,0.759,
2019-06-06,0.759,0.759,
2019-06-07,0.751,0.751,
2019-06-08,0.549,0.549,
2019-06-09,0.538,0.538,
2019-06-10,0.445,0.445,
2019-06-11,0.141,0.141,
2019-06-12,0.568,0.568,
2019-06-13,0.7629999999999999,0.7629999999999999,
2019-06-14,,0.59,
2019-06-15,,0.549,
2019-06-16,0.439,0.439,
2019-06-17,0.549,0.549,
2019-06-18,0.512,0.512,
2019-06-19,0.518,0.518,
2019-06-20,0.597,0.597,
2019-06-21,,0.239,
2019-06-22,0.239,0.239,
2019-06-23,0.296,0.296,
2019-06-24,0.267,0.267,
2019-06-25,0.246,0.246,
2019-06-26,,0.3101111111111111,
2019-06-27,,0.246,
2019-06-28,,0.3796666666666666,
2019-06-29,,0.433,
2019-06-30,0.433,0.433,
2019-07-01,0.46,0.46,
2019-07-02,0.441,0.441,
2019-07-03,0.321,0.321,
2019-07-04,0.482,0.482,
2019-07-05,0.421,0.421,
2019-07-06,0.523,0.523,
2019-07-07,0.22,0.22,
2019-07-08,,0.1495,
2019-07-09,0.079,0.079,
2019-07-10,,0.2061666666666666,
2019-07-11,,0.168,
2019-07-12,,0.1356666666666666,
2019-07-13,,0.202,
2019-07-14,0.168,0.168,
2019-07-15,,0.16,
2019-07-16,,0.202,
2019-07-17,0.16,0.16,
2019-07-18,0.278,0.278,
2019-07-19,,0.1822857142857143,
2019-07-20,,0.1822857142857143,
2019-07-21,,0.208,
2019-07-22,,0.1462857142857143,
2019-07-23,,0.1462857142857143,
2019-07-24,0.208,0.208,
2019-07-25,0.06,0.06,
2019-07-26,0.07,0.07,
2019-07-27,0.04,0.04,
2019-07-28,,0.1008845598845598,PO
2019-07-29,,0.1008845598845598,
2019-07-30,,0.077047619047619,
2019-07-31,,0.07,
2019-08-01,,0.0503333333333333,
2019-08-02,,0.07,
2019-08-03,,0.0537777777777777,
2019-08-04,0.05,0.05,
2019-08-05,0.061,0.061,
2019-08-06,,0.061,
2019-08-07,,0.0494629629629629,
2019-08-08,,0.0503333333333333,
2019-08-09,,0.041074074074074,
2019-08-10,,0.061,
2019-08-11,,0.0206666666666666,
2019-08-12,,0.0603691678691678,
2019-08-13,,0.0603691678691678,
2019-08-14,,0.0,
2019-08-15,,0.0634217372134038,
2019-08-16,0.0,0.0,
2019-08-17,0.001,0.001,
2019-08-18,0.162,0.162,
2019-08-19,,0.0728571428571428,
2019-08-20,,0.076,
2019-08-21,,0.119,
2019-08-22,,0.076,
2019-08-23,,0.0819999999999999,
2019-08-24,0.076,0.076,
2019-08-25,0.038,0.038,
2019-08-26,0.027,0.027,
2019-08-27,,0.0522888888888888,
2019-08-28,,0.008,
2019-08-29,,0.0243333333333333,
2019-08-30,,0.038,
2019-08-31,,0.0202666666666666,
2019-09-01,,0.021,
2019-09-02,0.008,0.008,
2019-09-03,,0.021,
2019-09-04,0.021,0.021,
2019-09-05,,0.016,
2019-09-06,0.016,0.016,
2019-09-07,0.029,0.029,
2019-09-08,,0.0216234567901234,
2019-09-09,,0.016,
2019-09-10,,0.0256666666666666,
2019-09-11,,0.0256666666666666,
2019-09-12,,0.0259444444444444,
2019-09-13,,0.0256666666666666,
2019-09-14,0.032,0.032,
2019-09-15,0.026,0.026,FO
2019-09-16,,0.023,
2019-09-17,0.02,0.02,
2019-09-18,0.02,0.02,
2019-09-19,,0.02,
2019-09-20,,0.0216428571428571,
2019-09-21,,0.021,
2019-09-22,,0.0205,
2019-09-23,,0.0208333333333333,
2019-09-24,,0.0208333333333333,
2019-09-25,0.021,0.021,
2019-09-26,,0.0977347470238095,
2019-09-27,,0.0216428571428571,
2019-09-28,,0.1659479166666667,
2019-09-29,,0.0208333333333333,
2019-09-30,,0.2125,
2019-10-01,,0.30825,
2019-10-02,,0.30825,
2019-10-03,,0.30825,
2019-10-04,,0.3195,
2019-10-05,0.404,0.404,
2019-10-06,,0.3195,
2019-10-07,,0.3195,
2019-10-08,,0.342,
2019-10-09,,0.342,
2019-10-10,,0.342,
2019-10-11,,0.2934375000000001,
2019-10-12,,0.2934375000000001,
2019-10-13,,0.2934375000000001,
2019-10-14,0.28,0.28,
2019-10-15,,0.244,
2019-10-16,,0.244,
2019-10-17,,0.208,
2019-10-18,,,
2019-10-19,0.208,0.208,
2019-10-20,,,
2019-10-21,,,
2019-10-22,,,
2019-10-23,,,
2019-10-24,,,
2019-10-25,,,
2019-10-26,,,
2019-10-27,,,
2019-10-28,,,
2019-10-29,,,
2019-10-30,,,
2019-10-31,,,
2019-11-01,,,
2019-11-02,,,
2019-11-03,,,
2019-11-04,,,
2019-11-05,,,
2019-11-06,,,
2019-11-07,,,
2019-11-08,,,
2019-11-09,,,
2019-11-10,,,
2019-11-11,,,
2019-11-12,,,
2019-11-13,,,
2019-11-14,,,
2019-11-15,,,
2019-11-16,,,
2019-11-17,,,
2019-11-18,,,
2019-11-19,,,
2019-11-20,,,
2019-11-21,,,
2019-11-22,,,
2019-11-23,,,
2019-11-24,,,
2019-11-25,,,
2019-11-26,,,
2019-11-27,,,
2019-11-28,,,
2019-11-29,,,
2019-11-30,,,
2019-12-01,,,
2019-12-02,,,
2019-12-03,,,
2019-12-04,,,
2019-12-05,,,
2019-12-06,,,
2019-12-07,,,
2019-12-08,,,
2019-12-09,,,
2019-12-10,,,
2019-12-11,,,
2019-12-12,,,
2019-12-13,,,
2019-12-14,,,
2019-12-15,,,
2019-12-16,,,
2019-12-17,,,
2019-12-18,,,
2019-12-19,,,
2019-12-20,,,
2019-12-21,,,
2019-12-22,,,
2019-12-23,,,
2019-12-24,,,
2019-12-25,,,
2019-12-26,,,
2019-12-27,,,
2019-12-28,,,
2019-12-29,,,
2019-12-30,,,
2019-12-31,,,
2020-01-01,,,
2020-01-02,,,
2020-01-03,,,
2020-01-04,,,
2020-01-05,,,
2020-01-06,,,
2020-01-07,,,
2020-01-08,,,
2020-01-09,,,
2020-01-10,,,
2020-01-11,,,
2020-01-12,,,
2020-01-13,,,
2020-01-14,,,
2020-01-15,,,
2020-01-16,,,
2020-01-17,,,
2020-01-18,,,
2020-01-19,,,
2020-01-20,,,
2020-01-21,,,
2020-01-22,,,
2020-01-23,,,
2020-01-24,,,
2020-01-25,,,
2020-01-26,,,
2020-01-27,,,
2020-01-28,,,
2020-01-29,,,
2020-01-30,,,
2020-01-31,,,
2020-02-01,,,
2020-02-02,,,
2020-02-03,,,
2020-02-04,,,
2020-02-05,,,
2020-02-06,,,
2020-02-07,,,
2020-02-08,,,
2020-02-09,,,
2020-02-10,,,
2020-02-11,,,
2020-02-12,,,
2020-02-13,,,
2020-02-14,,,
2020-02-15,,,
2020-02-16,,,
2020-02-17,,,
2020-02-18,,,
2020-02-19,,,
2020-02-20,,,
2020-02-21,,,
2020-02-22,0.096,0.096,
2020-02-23,,0.14875,
2020-02-24,0.2015,0.2015,
2020-02-25,0.618,0.618,
2020-02-26,,0.096,
2020-02-27,,0.4404999999999999,
2020-02-28,,0.5245,
2020-02-29,,0.5357142857142857,
2020-03-01,0.502,0.502,
2020-03-02,,0.5245,
2020-03-03,0.547,0.547,
2020-03-04,0.5935,0.5935,
2020-03-05,0.731,0.731,
2020-03-06,0.687,0.687,
2020-03-07,,0.597,
2020-03-08,,0.597,
2020-03-09,,0.507,
2020-03-10,0.507,0.507,
2020-03-11,0.719,0.719,
2020-03-12,0.718,0.718,
2020-03-13,,0.719,
2020-03-14,,0.748,
2020-03-15,0.778,0.778,
2020-03-16,,0.77425,
2020-03-17,,0.7827500000000001,
2020-03-18,0.7705,0.7705,
2020-03-19,,0.7827500000000001,
2020-03-20,,0.7801,FU
2020-03-21,,0.795,
2020-03-22,,0.7827500000000001,
2020-03-23,,0.788875,
2020-03-24,,0.788875,
2020-03-25,0.795,0.795,
2020-03-26,,0.7947875,
2020-03-27,,0.788875,
2020-03-28,,0.827,
2020-03-29,,0.795,
2020-03-30,,0.8134843749999999,
2020-03-31,,0.8134843749999999,
2020-04-01,,0.8112726562499999,
2020-04-02,0.859,0.859,
2020-04-03,0.8109999999999999,0.8109999999999999,
2020-04-04,,0.8160000000000001,
2020-04-05,0.8160000000000001,0.8160000000000001,
2020-04-06,0.798,0.798,
2020-04-07,0.812,0.812,
2020-04-08,,0.798,
2020-04-09,,0.81875,
2020-04-10,0.829,0.829,
2020-04-11,,0.81525,
2020-04-12,0.8015,0.8015,
2020-04-13,,0.80225,
2020-04-14,,0.81525,
2020-04-15,,0.792125,
2020-04-16,0.804,0.804,
2020-04-17,0.745,0.745,
2020-04-18,,0.745,
2020-04-19,0.842,0.842,
2020-04-20,0.794,0.794,
2020-04-21,,0.725176282051282,
2020-04-22,,0.6928333333333333,
2020-04-23,,0.6928333333333333,
2020-04-24,,0.5700000000000001,
2020-04-25,,0.6709999999999999,
2020-04-26,,0.6928333333333333,
2020-04-27,,0.6584551282051283,
2020-04-28,0.461,0.461,
2020-04-29,,0.5700000000000001,
2020-04-30,,0.68,
2020-05-01,0.679,0.679,
2020-05-02,0.68,0.68,
2020-05-03,0.6955,0.6955,
2020-05-04,0.445,0.445,
2020-05-05,,0.6567500000000001,
2020-05-06,,0.6955,
2020-05-07,,0.608,
2020-05-08,,0.709,
2020-05-09,,0.6798124999999999,
2020-05-10,0.771,0.771,
2020-05-11,0.827,0.827,
2020-05-12,0.709,0.709,
2020-05-13,,0.674,
2020-05-14,,0.709,
2020-05-15,0.486,0.486,
2020-05-16,0.169,0.169,
2020-05-17,0.771,0.771,
2020-05-18,,0.827,
2020-05-19,,0.6544761904761903,
2020-05-20,,0.8043333333333332,
2020-05-21,,0.8043333333333332,
2020-05-22,,0.771,
2020-05-23,0.816,0.816,
2020-05-24,0.826,0.826,
2020-05-25,,0.8083333333333332,
2020-05-26,,0.826,
2020-05-27,,0.7829999999999999,
2020-05-28,,0.7615,
2020-05-29,,0.7615,
2020-05-30,0.74,0.74,
2020-05-31,,0.7058756613756614,
2020-06-01,,0.7615,
2020-06-02,,0.6171666666666668,
2020-06-03,,0.6408809523809526,
2020-06-04,,0.6408809523809526,
2020-06-05,,0.35,
2020-06-06,,0.6341536155202822,
2020-06-07,0.35,0.35,
2020-06-08,,0.5495,PD
2020-06-09,0.749,0.749,
2020-06-10,0.719,0.719,
2020-06-11,0.635,0.635,
2020-06-12,0.707,0.707,
2020-06-13,0.665,0.665,
2020-06-14,,0.6815,
2020-06-15,0.698,0.698,
2020-06-16,0.613,0.613,
2020-06-17,0.666,0.666,
2020-06-18,0.516,0.516,
2020-06-19,0.207,0.207,
2020-06-20,,0.4571249999999999,
2020-06-21,,0.613,
2020-06-22,,0.291,
2020-06-23,,0.291,
2020-06-24,,0.26425,
2020-06-25,0.375,0.375,
2020-06-26,,0.265,
2020-06-27,,0.265,
2020-06-28,0.155,0.155,
2020-06-29,,0.265,
2020-06-30,,0.1699999999999999,
2020-07-01,,0.185,
2020-07-02,,0.1934285714285714,
2020-07-03,0.185,0.185,
2020-07-04,0.245,0.245,
2020-07-05,0.219,0.219,
2020-07-06,0.195,0.195,
2020-07-07,0.205,0.205,
2020-07-08,0.2355,0.2355,
2020-07-09,0.156,0.156,
2020-07-10,0.201,0.201,PO
2020-07-11,-0.01,-0.01,
2020-07-12,0.012,0.012,
2020-07-13,,-0.01,
2020-07-14,0.024,0.024,
2020-07-15,0.009,0.009,
2020-07-16,0.019,0.019,
2020-07-17,,0.0376666666666666,
2020-07-18,,0.0376666666666666,
2020-07-19,,0.085,
2020-07-20,,0.1089444444444444,
2020-07-21,0.085,0.085,
2020-07-22,0.098,0.098,
2020-07-23,0.128,0.128,
2020-07-24,0.286,0.286,
2020-07-25,0.08,0.08,
2020-07-26,,0.2065,
2020-07-27,0.333,0.333,
2020-07-28,0.091,0.091,
2020-07-29,0.141,0.141,
2020-07-30,,0.092,
2020-07-31,0.043,0.043,
2020-08-01,,0.0956666666666666,
2020-08-02,,0.062,
2020-08-03,,0.062,
2020-08-04,,-0.001,
2020-08-05,0.145,0.145,
2020-08-06,-0.002,-0.002,
2020-08-07,,-0.001,
2020-08-08,0.0,0.0,
2020-08-09,0.001,0.001,
2020-08-10,0.0,0.0,
2020-08-11,,0.004,
2020-08-12,,0.0,
2020-08-13,,0.008,
2020-08-14,0.0,0.0,
2020-08-15,0.024,0.024,
2020-08-16,,0.024,
2020-08-17,0.009,0.009,
2020-08-18,,0.008,
2020-08-19,,0.0122333333333333,
2020-08-20,,0.0186,
2020-08-21,,0.0186,
2020-08-22,,0.009,
2020-08-23,,0.0174999999999999,
2020-08-24,,0.008,
2020-08-25,,0.0169428571428571,
2020-08-26,,0.024,
2020-08-27,0.027,0.027,
2020-08-28,,0.027,
2020-08-29,,0.0155,
2020-08-30,0.004,0.004,
2020-08-31,,0.0328846681723884,
2020-09-01,,0.004,
2020-09-02,,0.0364112186920222,
2020-09-03,,0.0364112186920222,
2020-09-04,,0.0413345817872603,
2020-09-05,,0.027,
2020-09-06,,0.0468971280262946,
2020-09-07,,0.024,
2020-09-08,,0.0525414085914085,
2020-09-09,,0.1133863636363636,PD
2020-09-10,,0.0591478982683982,
2020-09-11,,0.0212902597402597,
2020-09-12,,0.0212902597402597,
2020-09-13,,0.0173571428571428,
2020-09-14,,0.0173571428571428,
2020-09-15,,0.0364112186920222,
2020-09-16,,0.013,
2020-09-17,,0.013,
2020-09-18,,0.0748928571428571,
2020-09-19,,0.1845,
2020-09-20,,0.1133863636363636,
2020-09-21,,0.1845,
2020-09-22,,0.1328541666666666,
2020-09-23,,0.1845,
2020-09-24,,0.1328541666666666,
2020-09-25,,0.013,
2020-09-26,,0.1328541666666666,
2020-09-27,,0.1328541666666666,
2020-09-28,,0.1328541666666666,
2020-09-29,,0.1328541666666666,
2020-09-30,,0.1328541666666666,
2020-10-01,,0.26575,
2020-10-02,,0.1328541666666666,
2020-10-03,0.022,0.022,
2020-10-04,,0.10325,
2020-10-05,,0.1845,
2020-10-06,,0.1845,
2020-10-07,,0.1845,
2020-10-08,,0.1845,
2020-10-09,,,
2020-10-10,,0.26575,
2020-10-11,,,
2020-10-12,0.347,0.347,
2020-10-13,,,
2020-10-14,,,
2020-10-15,,,
2020-10-16,,,
2020-10-17,,,
2020-10-18,,,
2020-10-19,,,
2020-10-20,,,
2020-10-21,,,
2020-10-22,,,
2020-10-23,,,
2020-10-24,,,
2020-10-25,,,
2020-10-26,,,
2020-10-27,,,
2020-10-28,,,
2020-10-29,,,
2020-10-30,,,
2020-10-31,,,
2020-11-01,,,
2020-11-02,,,
2020-11-03,,,
2020-11-04,,,
2020-11-05,,,
2020-11-06,,,
2020-11-07,,,
2020-11-08,,,
2020-11-09,,,
2020-11-10,,,
2020-11-11,,,
2020-11-12,,,
2020-11-13,,,
2020-11-14,,,
2020-11-15,,,
2020-11-16,,,
2020-11-17,,,
2020-11-18,,,
2020-11-19,,,
2020-11-20,,,
2020-11-21,,,
2020-11-22,,,
2020-11-23,,,
2020-11-24,,,
2020-11-25,,,
2020-11-26,,,
2020-11-27,,,
2020-11-28,,,
2020-11-29,,,
2020-11-30,,,
2020-12-01,,,
2020-12-02,,,
2020-12-03,,,
2020-12-04,,,
2020-12-05,,,
2020-12-06,,,
2020-12-07,,,
2020-12-08,,,
2020-12-09,,,
2020-12-10,,,
2020-12-11,,,
2020-12-12,,,
2020-12-13,,,
2020-12-14,,,
2020-12-15,,,
2020-12-16,,,
2020-12-17,,,
2020-12-18,,,
2020-12-19,,,
2020-12-20,,,
2020-12-21,,,
2020-12-22,,,
2020-12-23,,,
2020-12-24,,,
2020-12-25,,,
2020-12-26,,,
2020-12-27,,,
2020-12-28,,,
2020-12-29,,,
2020-12-30,,,
2020-12-31,,,
2021-01-01,,,
2021-01-02,,,
2021-01-03,,,
2021-01-04,,,
2021-01-05,,,
2021-01-06,,,
2021-01-07,,,
2021-01-08,,,
2021-01-09,,,
2021-01-10,,,
2021-01-11,,,
2021-01-12,,,
2021-01-13,,,
2021-01-14,,,
2021-01-15,,,
2021-01-16,,,
2021-01-17,,,
2021-01-18,,,
2021-01-19,,,
2021-01-20,,,
2021-01-21,,,
2021-01-22,,,
2021-01-23,,,
2021-01-24,,,
2021-01-25,,,
2021-01-26,,,
2021-01-27,,,
2021-01-28,,,
2021-01-29,,,
2021-01-30,,,
2021-01-31,,,
2021-02-01,,,
2021-02-02,,,
2021-02-03,,,
2021-02-04,,,
2021-02-05,,,
2021-02-06,,,
2021-02-07,,,
2021-02-08,,,
2021-02-09,,,
2021-02-10,,,
2021-02-11,,,
2021-02-12,,,
2021-02-13,,,
2021-02-14,,,
2021-02-15,,,
2021-02-16,,,
2021-02-17,,,
2021-02-18,,,
2021-02-19,0.527,0.527,
2021-02-20,,,
2021-02-21,,0.6725,
2021-02-22,,,
2021-02-23,,0.6725,
2021-02-24,,0.6725,
2021-02-25,,0.75625,
2021-02-26,0.818,0.818,
2021-02-27,,0.75625,
2021-02-28,,0.7384999999999999,
2021-03-01,,0.7782499999999999,
2021-03-02,,0.7782499999999999,
2021-03-03,,0.7670833333333333,
2021-03-04,,0.7384999999999999,
2021-03-05,0.7384999999999999,0.7384999999999999,
2021-03-06,,0.7384999999999999,
2021-03-07,,0.75625,
2021-03-08,,0.773,
2021-03-09,0.774,0.774,
2021-03-10,0.777,0.777,
2021-03-11,,0.773,
2021-03-12,0.769,0.769,
2021-03-13,0.732,0.732,
2021-03-14,0.615,0.615,
2021-03-15,0.78,0.78,
2021-03-16,,0.7543333333333333,
2021-03-17,,0.7337222222222222,
2021-03-18,,0.7543333333333333,
2021-03-19,,0.7543333333333333,
2021-03-20,,0.7543333333333333,
2021-03-21,0.752,0.752,
2021-03-22,,0.731,
2021-03-23,0.731,0.731,
2021-03-24,0.81,0.81,
2021-03-25,,0.7270000000000001,
2021-03-26,0.644,0.644,
2021-03-27,,0.7230000000000001,
2021-03-28,0.802,0.802,
2021-03-29,,0.8109999999999999,
2021-03-30,0.82,0.82,
2021-03-31,,0.8223333333333332,
2021-04-01,,0.836,
2021-04-02,0.836,0.836,
2021-04-03,0.833,0.833,
2021-04-04,,0.8343333333333334,
2021-04-05,,0.834,
2021-04-06,0.834,0.834,
2021-04-07,0.823,0.823,
2021-04-08,0.736,0.736,
2021-04-09,,0.736,
2021-04-10,0.855,0.855,
2021-04-11,,0.8394999999999999,
2021-04-12,,0.7801666666666667,
2021-04-13,0.8394999999999999,0.8394999999999999,
2021-04-14,0.646,0.646,
2021-04-15,0.837,0.837,
2021-04-16,0.815,0.815,
2021-04-17,0.818,0.818,
2021-04-18,,0.8105000000000001,
2021-04-19,,0.837,
2021-04-20,,0.855,
2021-04-21,,0.892,
2021-04-22,0.892,0.892,
2021-04-23,,0.8105000000000001,
2021-04-24,,0.8445416666666667,
2021-04-25,,0.8581666666666666,
2021-04-26,,0.8581666666666666,
2021-04-27,,0.8581666666666666,
2021-04-28,,0.8496666666666667,
2021-04-29,,0.858,
2021-04-30,,0.8416833333333333,
2021-05-01,,0.836,
2021-05-02,,0.8304642156862745,
2021-05-03,0.836,0.836,
2021-05-04,0.821,0.821,
2021-05-05,0.858,0.858,
2021-05-06,0.879,0.879,
2021-05-07,0.766,0.766,
2021-05-08,,0.7989999999999999,
2021-05-09,0.832,0.832,
2021-05-10,0.703,0.703,
2021-05-11,0.845,0.845,
2021-05-12,,0.866,
2021-05-13,0.887,0.887,
2021-05-14,0.839,0.839,
2021-05-15,0.823,0.823,
2021-05-16,,0.8154999999999999,
2021-05-17,,0.7805,
2021-05-18,,0.7805,
2021-05-19,,0.7805,
2021-05-20,,0.7779444444444444,
2021-05-21,0.738,0.738,
2021-05-22,0.769,0.769,
2021-05-23,0.839,0.839,
2021-05-24,0.739,0.739,
2021-05-25,0.752,0.752,
2021-05-26,,0.7803333333333334,
2021-05-27,,0.8165,
2021-05-28,0.85,0.85,
2021-05-29,0.828,0.828,
2021-05-30,,0.8053055555555555,
2021-05-31,,0.8165,
2021-06-01,,0.8165,
2021-06-02,,0.8165,
2021-06-03,,0.8034212962962961,
2021-06-04,0.805,0.805,
2021-06-05,,0.80925,MO
2021-06-06,,0.805,
2021-06-07,0.8135,0.8135,
2021-06-08,0.748,0.748,
2021-06-09,,0.7275,
2021-06-10,0.707,0.707,
2021-06-11,0.714,0.714,
2021-06-12,0.703,0.703,
2021-06-13,0.662,0.662,
2021-06-14,0.711,0.711,
2021-06-15,,0.6559999999999999,
2021-06-16,0.601,0.601,
2021-06-17,0.673,0.673,
2021-06-18,,0.459,
2021-06-19,0.459,0.459,
2021-06-20,0.485,0.485,
2021-06-21,,0.427,
2021-06-22,0.369,0.369,
2021-06-23,0.14,0.14,
2021-06-24,,0.14,
2021-06-25,,0.2488333333333333,
2021-06-26,,0.2488333333333333,
2021-06-27,,0.1234,
2021-06-28,,0.036,
2021-06-29,0.036,0.036,
2021-06-30,,0.036,
2021-07-01,0.036,0.036,
2021-07-02,,0.036,
2021-07-03,,0.0195,
2021-07-04,,0.0195,OW
2021-07-05,0.003,0.003,
2021-07-06,0.008,0.008,
2021-07-07,0.013,0.013,
2021-07-08,0.005,0.005,
2021-07-09,0.013,0.013,
2021-07-10,0.018,0.018,
2021-07-11,,0.136,
2021-07-12,,0.377,
2021-07-13,0.377,0.377,
2021-07-14,,0.377,
2021-07-15,0.44,0.44,
2021-07-16,0.118,0.118,
2021-07-17,0.111,0.111,
2021-07-18,,0.024,
2021-07-19,,0.0536666666666666,
2021-07-20,0.026,0.026,
2021-07-21,,0.024,
2021-07-22,0.022,0.022,
2021-07-23,0.013,0.013,
2021-07-24,0.008,0.008,
2021-07-25,0.021,0.021,
2021-07-26,,0.013,
2021-07-27,,0.09025,
2021-07-28,,0.1645,
2021-07-29,,0.1645,
2021-07-30,,0.1645,
2021-07-31,0.313,0.313,
2021-08-01,,0.331,
2021-08-02,,0.1595,
2021-08-03,0.006,0.006,
2021-08-04,,0.1685,
2021-08-05,,0.331,
2021-08-06,0.331,0.331,
2021-08-07,0.369,0.369,
2021-08-08,0.301,0.301,
2021-08-09,,0.28,
2021-08-10,0.28,0.28,
2021-08-11,,0.28,
2021-08-12,,0.1665,
2021-08-13,0.053,0.053,
2021-08-14,,0.2103333333333333,
2021-08-15,,0.1785,
2021-08-16,,0.1785,
2021-08-17,0.304,0.304,
2021-08-18,,0.215,
2021-08-19,,0.215,
2021-08-20,,0.1625,
2021-08-21,,0.215,
2021-08-22,,0.105875,
2021-08-23,0.021,0.021,
2021-08-24,,0.0395,
2021-08-25,0.058,0.058,
2021-08-26,,0.035,
2021-08-27,0.012,0.012,
2021-08-28,,,
2021-08-29,,,
2021-08-30,,,
2021-08-31,,,
2021-09-01,,,
2021-09-02,,,
2021-09-03,,,
2021-09-04,,,
2021-09-05,,,
2021-09-06,,,
2021-09-07,,,
2021-09-08,,,
2021-09-09,,,
2021-09-10,,,
2021-09-11,,,
2021-09-12,,,
2021-09-13,,,
2021-09-14,,,
2021-09-15,,,
2021-09-16,,,
2021-09-17,,,
2021-09-18,,,
2021-09-19,,,
2021-09-20,0.238,0.238,
