system:time_start,B1
2000-02-29,0.7526222222222222
2000-03-03,0.7390749999999999
2000-03-04,0.9344444444444444
2000-03-05,0.9076777777777778
2000-03-06,0.8464444444444444
2000-03-12,0.9186
2000-03-18,0.9385625
2000-03-21,0.8998666666666667
2000-03-26,0.8312555555555555
2000-03-27,0.8813333333333333
2000-03-28,0.9656333333333332
2000-04-03,0.9285111111111112
2000-04-04,0.9613444444444444
2000-04-08,0.9157
2000-04-10,0.8803666666666666
2000-04-15,0.9194
2000-04-17,0.8911
2000-04-18,0.9274555555555556
2000-04-19,0.8816666666666667
2000-04-29,0.8857333333333334
2000-05-05,0.8489888888888889
2000-05-06,0.8893222222222222
2000-05-12,0.8857999999999999
2000-05-13,0.8737777777777778
2000-05-14,0.8353888888888888
2000-05-15,0.8901333333333333
2000-05-17,0.8845888888888889
2000-05-18,0.9823111111111112
2000-05-23,0.8108555555555556
2000-05-25,0.8854111111111111
2000-05-26,0.867
2000-05-27,0.8652777777777778
2000-06-01,0.7999111111111111
2000-06-10,0.7568888888888889
2000-06-11,0.6990111111111111
2000-06-12,0.6824333333333333
2000-06-14,0.6062666666666666
2000-06-16,0.4914777777777778
2000-06-17,0.4262555555555555
2000-06-18,0.3869222222222222
2000-06-20,0.4464
2000-06-21,0.5004333333333333
2000-06-28,0.4402555555555555
2000-07-04,0.3543555555555556
2000-07-06,0.3629333333333333
2000-07-07,0.3163888888888889
2000-07-08,0.2933222222222222
2000-07-09,0.3571444444444444
2000-07-10,-0.01
2000-07-11,0.1276555555555555
2000-07-12,-0.0065833333333333
2000-07-13,0.0024333333333333
2000-07-16,0.0223666666666666
2000-07-17,0.1140333333333333
2000-07-18,0.0019111111111111
2000-07-19,0.0017555555555555
2000-07-20,0.0044333333333333
2000-07-21,0.0029888888888888
2000-07-25,0.0027444444444444
2000-07-26,0.0024666666666666
2000-07-27,0.0023777777777777
2000-07-29,0.0043444444444444
2000-07-31,0.0016555555555555
2000-08-01,0.0030333333333333
2000-08-02,-0.0080666666666666
2000-08-03,0.0037444444444444
2000-08-04,0.0032
2000-08-18,0.0222666666666666
2000-08-31,0.0463
2000-09-03,0.0027888888888888
2000-09-04,0.0029555555555555
2000-09-08,0.0027444444444444
2000-09-16,0.006575
2000-09-18,-0.0029333333333333
2000-10-06,0.0056111111111111
2000-10-09,0.1136333333333333
2000-10-12,0.0082
2000-10-13,0.0068333333333333
2000-10-16,0.5035
2000-10-18,0.0113333333333333
2000-10-20,0.0132888888888888
2000-10-24,0.0223111111111111
2000-10-25,0.0269666666666666
2000-10-29,0.0278222222222222
2000-11-04,0.0702666666666666
2000-11-05,0.0326222222222222
2000-11-13,0.0937
2000-11-15,0.0974
2000-11-16,0.3389555555555555
2000-11-18,0.5849333333333333
2000-11-19,0.5445111111111112
2000-11-21,0.6384555555555556
2000-11-22,0.6706555555555556
2000-11-26,0.4825
2000-11-27,0.4563166666666667
2000-11-28,0.8661
2000-11-30,0.5566444444444445
2000-12-01,0.4485
2000-12-03,0.8239111111111111
2000-12-09,0.4763111111111111
2000-12-10,0.2987333333333333
2000-12-12,0.5986
2000-12-17,0.5776333333333333
2000-12-19,0.5690125
2000-12-21,0.5443
2000-12-26,0.4624555555555555
2000-12-28,0.5165333333333333
2001-01-02,0.54735
2001-01-03,0.5363
2001-01-06,0.8654125
2001-01-08,0.812
2001-01-18,0.8782666666666666
2001-01-22,0.7408
2001-01-27,0.841275
2001-01-31,0.87305
2001-02-03,0.8076333333333333
2001-02-05,0.8443
2001-02-07,0.8062
2001-02-09,0.85975
2001-02-14,0.8390666666666666
2001-02-18,0.8861428571428571
2001-02-25,0.8551666666666666
2001-02-28,0.8841111111111111
2001-03-05,0.8717222222222222
2001-03-13,0.8556
2001-03-17,0.6812222222222223
2001-03-19,0.8714333333333334
2001-03-23,0.9138
2001-03-24,0.9159111111111112
2001-03-25,0.9166888888888888
2001-03-27,0.9160555555555556
2001-04-08,0.9331444444444444
2001-04-09,0.9088222222222222
2001-04-11,0.7572888888888889
2001-04-12,0.9338666666666666
2001-04-13,0.9469222222222222
2001-04-14,0.9371888888888888
2001-04-21,0.9280444444444444
2001-04-22,0.8933333333333333
2001-04-23,0.9734555555555556
2001-04-24,0.845
2001-04-25,0.9129444444444444
2001-04-26,0.9370444444444443
2001-04-27,0.9316333333333332
2001-05-01,0.9107
2001-05-02,0.9776
2001-05-03,0.9177666666666666
2001-05-05,0.8567111111111111
2001-05-09,0.8925666666666666
2001-05-12,0.8995444444444445
2001-05-18,0.7025444444444445
2001-05-19,0.5547
2001-05-20,0.4538222222222222
2001-05-23,0.3429222222222222
2001-05-24,0.2786666666666667
2001-05-26,0.2546
2001-05-28,0.3762222222222222
2001-05-29,0.4507
2001-06-01,0.4372555555555555
2001-06-02,0.3962666666666666
2001-06-04,0.2934888888888889
2001-06-05,0.3623444444444444
2001-06-07,0.4053
2001-06-08,0.4424777777777778
2001-06-09,0.5027444444444444
2001-06-10,0.5181166666666667
2001-06-15,0.9543
2001-07-04,0.0028
2001-07-05,0.0016333333333333
2001-07-10,0.0669
2001-07-11,0.0025888888888888
2001-07-13,-0.0023888888888888
2001-07-14,0.0028111111111111
2001-07-17,0.0021
2001-07-21,0.0007666666666666
2001-07-22,0.0018777777777777
2001-07-23,0.0009888888888888
2001-07-24,0.0022777777777777
2001-07-26,-0.0022444444444444
2001-07-27,0.0026888888888888
2001-07-29,-0.0017444444444444
2001-07-31,0.0904
2001-08-02,0.0535444444444444
2001-08-05,-0.0031555555555555
2001-08-08,-0.0011111111111111
2001-08-10,0.0041555555555555
2001-08-11,0.0145666666666666
2001-08-12,0.0033555555555555
2001-08-14,-0.0009555555555555
2001-08-17,0.0027111111111111
2001-08-22,-0.0077666666666666
2001-08-24,0.0035222222222222
2001-08-27,0.0194333333333333
2001-08-28,0.0026222222222222
2001-08-29,0.0032222222222222
2001-08-30,0.0026555555555555
2001-08-31,0.0030333333333333
2001-09-01,0.0021
2001-09-09,0.0036444444444444
2001-09-13,0.0033555555555555
2001-09-15,0.0032
2001-09-17,0.0043666666666666
2001-09-22,0.0048555555555555
2001-09-25,0.0036555555555555
2001-09-27,0.0034222222222222
2001-09-28,0.0059777777777777
2001-09-29,0.0043333333333333
2001-10-01,0.039
2001-10-02,0.0056444444444444
2001-10-04,0.0705
2001-10-07,0.0469
2001-10-26,0.0152333333333333
2001-10-29,0.0816333333333333
2001-10-31,0.0569
2001-11-08,0.0880333333333333
2001-11-09,0.1256
2001-11-14,0.1591
2001-11-16,0.4565666666666667
2001-11-19,0.1633
2001-11-21,0.2729
2001-11-22,0.4523333333333333
2001-11-24,0.1199
2001-11-25,0.1843833333333333
2001-11-26,0.2719555555555555
2001-11-27,0.4431888888888889
2001-11-29,0.3416333333333333
2001-12-02,0.6775666666666667
2001-12-05,0.8173777777777778
2001-12-06,0.7659
2001-12-07,0.6028
2001-12-08,0.5407
2001-12-13,0.3805666666666666
2001-12-20,0.6191333333333333
2001-12-22,0.5797
2001-12-24,0.5446555555555556
2001-12-26,0.0309857142857142
2001-12-29,0.5741666666666667
2002-01-02,0.5159444444444444
2002-01-04,0.4024333333333333
2002-01-12,0.9281777777777778
2002-01-14,0.3359111111111111
2002-01-20,0.7896444444444445
2002-01-22,0.8409166666666666
2002-01-24,0.3479444444444444
2002-01-27,0.7411444444444445
2002-01-31,0.8218
2002-02-02,0.5491333333333334
2002-02-03,0.831
2002-02-07,0.5424
2002-02-08,0.8027222222222222
2002-02-10,0.8461666666666667
2002-02-17,0.6567
2002-02-20,0.8637333333333334
2002-02-21,0.7639111111111111
2002-02-24,0.8849666666666667
2002-02-25,0.9587666666666668
2002-03-02,0.8068000000000001
2002-03-03,0.5595666666666667
2002-03-08,0.8783777777777778
2002-03-09,0.8859666666666667
2002-03-13,0.7258555555555556
2002-03-14,0.90105
2002-03-18,0.87375
2002-03-29,0.8859666666666667
2002-03-30,0.9169222222222222
2002-03-31,0.8884222222222222
2002-04-02,0.9313111111111112
2002-04-04,0.9439333333333332
2002-04-06,0.9258666666666666
2002-04-07,0.9001444444444444
2002-04-08,0.9194875
2002-04-12,0.911
2002-04-16,0.9114555555555556
2002-04-18,0.7885666666666666
2002-04-19,0.9286333333333332
2002-04-20,0.9473555555555556
2002-04-22,0.9306444444444444
2002-04-24,0.9325
2002-04-28,0.9444222222222224
2002-05-02,0.9049888888888888
2002-05-04,0.9319333333333332
2002-05-05,0.9403555555555556
2002-05-13,0.9794222222222222
2002-05-17,0.9577333333333332
2002-05-18,0.9235111111111112
2002-05-19,0.9369333333333332
2002-05-24,0.8883444444444445
2002-05-25,0.9144777777777776
2002-06-03,0.8559444444444444
2002-06-04,0.603
2002-06-06,0.8141222222222222
2002-06-08,0.7498444444444444
2002-06-10,0.6093555555555555
2002-06-16,0.3435
2002-06-18,0.2948333333333333
2002-06-19,0.3272333333333333
2002-06-20,0.4218555555555555
2002-06-21,0.4181
2002-06-22,0.3140857142857143
2002-06-24,0.3671111111111111
2002-06-25,0.4489333333333333
2002-06-27,0.5925111111111111
2002-06-28,0.3537
2002-07-03,0.3681333333333333
2002-07-04,0.3502222222222222
2002-07-08,0.2073333333333333
2002-07-09,0.017
2002-07-12,0.0006
2002-07-18,0.0005777777777777
2002-07-19,0.2599666666666667
2002-07-21,0.0063111111111111
2002-07-22,-0.0046555555555555
2002-07-23,0.083
2002-07-24,-0.0012555555555555
2002-08-04,0.0018333333333333
2002-08-06,0.0017777777777777
2002-08-07,0.0031888888888888
2002-08-15,0.0018333333333333
2002-08-19,0.0013
2002-08-20,0.0050222222222222
2002-08-23,0.0133555555555555
2002-08-28,0.0027666666666666
2002-08-29,0.0006666666666666
2002-08-31,0.2171
2002-09-04,0.0019666666666666
2002-09-06,0.0045111111111111
2002-09-07,0.0036222222222222
2002-09-09,0.0003333333333333
2002-09-16,0.0051555555555555
2002-09-17,-0.0002444444444444
2002-09-23,0.0080333333333333
2002-09-27,0.118
2002-10-01,0.0042111111111111
2002-10-06,0.0086888888888888
2002-10-07,0.0052
2002-10-08,0.0099888888888888
2002-10-10,0.0277666666666666
2002-10-14,0.0635857142857142
2002-10-17,0.0568
2002-10-19,0.0542
2002-10-25,0.0525888888888888
2002-10-29,0.0251444444444444
2002-11-02,0.1356
2002-11-04,0.0425555555555555
2002-11-10,0.2182
2002-11-11,0.0343
2002-11-13,0.2029888888888888
2002-11-14,0.3006999999999999
2002-11-15,0.3224555555555555
2002-11-16,0.4430333333333333
2002-11-25,0.6432666666666667
2002-11-26,0.5001333333333333
2002-11-29,0.5421
2002-11-30,0.5583333333333333
2002-12-02,0.8435888888888889
2002-12-09,0.5982333333333333
2002-12-23,0.5891666666666666
2002-12-27,0.373775
2003-01-01,0.5736888888888889
2003-01-04,0.4598222222222222
2003-01-05,0.5249666666666667
2003-01-07,0.5566666666666666
2003-01-10,0.5207777777777778
2003-01-11,0.6981666666666666
2003-01-20,0.3836111111111111
2003-01-23,0.6043666666666666
2003-01-27,0.4310111111111111
2003-02-02,0.8502000000000001
2003-02-06,0.7778333333333334
2003-02-15,0.8834555555555555
2003-02-22,0.8620666666666666
2003-02-24,0.7206
2003-03-08,0.8898333333333334
2003-03-12,0.8895
2003-03-17,0.8870333333333333
2003-03-22,0.7638333333333334
2003-03-25,0.9289333333333332
2003-03-27,0.9056222222222222
2003-03-30,0.9480888888888888
2003-04-03,0.9176
2003-04-06,0.9195333333333332
2003-04-07,0.9346666666666666
2003-04-10,0.7802555555555556
2003-04-11,0.9408111111111112
2003-04-12,0.9560666666666666
2003-04-19,0.8872444444444444
2003-04-23,0.9466777777777778
2003-04-26,0.9064888888888888
2003-04-29,0.9359222222222222
2003-04-30,0.9112666666666668
2003-05-09,1.0005111111111111
2003-05-10,0.8932444444444444
2003-05-13,0.9406
2003-05-23,0.4839285714285714
2003-05-26,0.2984444444444444
2003-05-29,0.2895
2003-05-30,0.3093777777777777
2003-05-31,0.3105666666666666
2003-06-03,0.3278555555555555
2003-06-09,0.4628333333333333
2003-06-11,0.501
2003-06-14,0.3678888888888889
2003-06-17,0.4085111111111111
2003-06-18,0.3332
2003-06-19,0.4004111111111111
2003-06-21,0.5095555555555555
2003-06-25,0.0156222222222222
2003-06-26,0.0194
2003-06-27,0.0294833333333333
2003-07-04,0.0045444444444444
2003-07-05,0.0027666666666666
2003-07-06,0.0010888888888888
2003-07-07,0.0768444444444444
2003-07-10,0.0024777777777777
2003-07-13,0.0045666666666666
2003-07-15,0.0013111111111111
2003-07-16,0.1195666666666666
2003-07-17,0.0008555555555555
2003-07-18,0.0016444444444444
2003-07-19,0.0001222222222222
2003-07-20,0.0003444444444444
2003-07-21,0.0024666666666666
2003-07-22,-0.0025111111111111
2003-07-25,0.0040111111111111
2003-07-26,-0.001
2003-07-27,0.0009777777777777
2003-07-28,0.0004
2003-07-29,0.0513142857142857
2003-07-30,0.0036111111111111
2003-08-01,-0.01
2003-08-03,-0.0014777777777777
2003-08-04,0.0050222222222222
2003-08-06,-0.0013666666666666
2003-08-07,0.0122555555555555
2003-08-10,-0.0027
2003-08-11,0.004375
2003-08-18,0.1839333333333333
2003-08-22,-0.0027555555555555
2003-08-23,0.0040111111111111
2003-08-27,0.1221
2003-09-03,0.0009333333333333
2003-09-04,0.0014
2003-09-06,0.0050666666666666
2003-09-08,-0.0006111111111111
2003-09-09,0.0003999999999999
2003-09-10,0.0072777777777777
2003-09-14,0.0062
2003-09-23,0.0059111111111111
2003-09-27,0.0117
2003-10-04,0.0015555555555555
2003-10-05,0.0039222222222222
2003-10-06,-0.0062375
2003-10-08,0.0046666666666666
2003-10-13,0.0019249999999999
2003-10-19,0.0097444444444444
2003-10-21,0.0099555555555555
2003-10-26,0.0426222222222222
2003-11-04,0.0565
2003-11-13,0.1801666666666666
2003-11-14,0.24525
2003-11-16,0.1385
2003-11-22,0.1794444444444444
2003-11-23,0.6378111111111111
2003-11-25,0.3149555555555555
2003-11-26,0.6454624999999999
2003-11-27,0.4003222222222222
2003-11-28,0.6598888888888889
2003-11-30,0.6406833333333334
2003-12-03,0.8590222222222222
2003-12-05,0.8748888888888889
2003-12-07,0.4196222222222222
2003-12-09,0.5364777777777778
2003-12-10,0.5910111111111112
2003-12-14,0.4422777777777777
2003-12-26,0.4114333333333333
2003-12-30,0.5270777777777778
2004-01-03,0.5318
2004-01-08,0.8319222222222222
2004-01-10,0.4899166666666666
2004-01-13,0.8759333333333333
2004-01-15,0.8436571428571429
2004-01-17,0.4358111111111111
2004-01-22,0.8320777777777778
2004-01-27,0.8634444444444445
2004-01-30,0.817
2004-02-02,0.7121777777777778
2004-02-04,0.8215888888888889
2004-02-05,0.8561
2004-02-06,0.8438888888888889
2004-02-09,0.8475222222222222
2004-02-16,0.7722222222222223
2004-02-20,0.690675
2004-02-23,0.8558888888888889
2004-03-06,0.6993
2004-03-07,0.8555111111111111
2004-03-12,0.9788
2004-03-16,0.9277
2004-03-17,0.9001
2004-03-19,0.9051666666666668
2004-03-20,0.8745
2004-03-21,0.8808333333333334
2004-03-29,0.9380222222222222
2004-03-31,0.84905
2004-04-01,0.9271666666666668
2004-04-02,0.8141222222222222
2004-04-04,0.9244111111111112
2004-04-09,0.941288888888889
2004-04-10,0.9434333333333332
2004-04-11,0.9361777777777778
2004-04-15,0.9290285714285714
2004-04-16,0.9357333333333332
2004-04-17,0.9277333333333332
2004-04-18,0.9375777777777776
2004-04-19,0.9000111111111111
2004-04-21,0.9032111111111112
2004-04-22,0.9345875
2004-04-23,0.9468555555555556
2004-04-24,0.9334777777777776
2004-04-25,0.8597888888888889
2004-04-26,0.9175444444444444
2004-04-27,0.9391777777777778
2004-04-30,0.893125
2004-05-01,0.9335444444444444
2004-05-02,0.9481666666666668
2004-05-05,0.9007000000000001
2004-05-08,0.9341555555555556
2004-05-09,0.9511666666666666
2004-05-14,0.912775
2004-05-19,0.9308777777777778
2004-05-21,0.9149111111111112
2004-06-01,0.6830111111111111
2004-06-09,0.7621888888888889
2004-06-12,0.4685111111111111
2004-06-14,0.4091555555555555
2004-06-16,0.5470666666666667
2004-06-18,0.3338
2004-06-19,0.4065333333333333
2004-06-24,0.3754444444444444
2004-06-25,0.4669999999999999
2004-06-28,0.4391888888888889
2004-07-02,0.4319166666666666
2004-07-04,0.3648666666666667
2004-07-05,0.3867
2004-07-06,0.3402888888888888
2004-07-07,0.3657666666666667
2004-07-08,0.3207444444444444
2004-07-09,0.4876222222222222
2004-07-10,0.2942333333333333
2004-07-11,0.3151888888888889
2004-07-12,0.2975333333333333
2004-07-13,0.2891666666666666
2004-07-14,0.4911
2004-07-18,0.0032222222222222
2004-07-19,0.0025111111111111
2004-07-23,0.0026777777777777
2004-07-25,-0.0003333333333333
2004-07-27,0.0032333333333333
2004-07-28,0.0012666666666666
2004-07-29,0.0011111111111111
2004-07-30,-0.0006888888888888
2004-07-31,0.0014444444444444
2004-08-01,0.0041111111111111
2004-08-02,-0.0001888888888888
2004-08-03,-0.0034555555555555
2004-08-09,-0.0018222222222222
2004-08-10,0.0886
2004-08-11,-0.0003444444444444
2004-08-12,-0.0014444444444444
2004-08-14,-0.0038333333333333
2004-08-18,-0.0019222222222222
2004-08-21,0.0030444444444444
2004-08-27,0.0011222222222222
2004-08-31,0.0628
2004-09-01,0.0324625
2004-09-02,0.0030444444444444
2004-09-03,-0.0046666666666666
2004-09-11,0.0044333333333333
2004-09-19,0.0640333333333333
2004-09-24,0.0053666666666666
2004-09-27,0.0060555555555555
2004-09-30,0.0235111111111111
2004-10-14,0.0184666666666666
2004-10-15,0.0465777777777777
2004-10-16,-0.0009111111111111
2004-10-19,0.0360111111111111
2004-10-21,0.02455
2004-10-23,0.2245
2004-10-25,0.1447125
2004-10-31,0.0312
2004-11-08,0.1645666666666666
2004-11-11,0.1891555555555555
2004-11-12,0.4266999999999999
2004-11-13,0.4255333333333333
2004-11-18,0.3200666666666666
2004-11-19,0.3119555555555555
2004-11-20,0.5455444444444445
2004-11-22,0.6448777777777778
2004-11-23,0.5532777777777778
2004-11-24,0.6445555555555555
2004-11-25,0.6455
2004-12-02,0.8630444444444445
2004-12-05,0.5857166666666667
2004-12-07,0.5529
2004-12-12,0.5423888888888889
2004-12-16,0.5397
2004-12-21,0.5147125
2004-12-23,0.5236625
2004-12-28,0.5010111111111111
2004-12-30,0.5317666666666666
2005-01-01,0.6713888888888889
2005-01-03,0.4226555555555555
2005-01-17,0.8100555555555555
2005-01-22,0.8585666666666667
2005-01-24,0.8022
2005-01-26,0.7978666666666667
2005-02-07,0.8410875
2005-02-08,0.3536444444444444
2005-02-09,0.8434222222222222
2005-02-11,0.8208
2005-02-15,0.8360222222222222
2005-02-17,0.8295
2005-02-22,0.8959
2005-02-25,0.8991
2005-02-27,0.9268
2005-03-01,0.8962
2005-03-13,0.9027
2005-03-16,0.8828
2005-03-17,0.93205
2005-03-24,0.8954222222222222
2005-03-26,0.9510333333333332
2005-03-28,0.916
2005-04-02,0.7777333333333334
2005-04-05,0.9339777777777778
2005-04-06,0.9606111111111112
2005-04-07,0.9304222222222224
2005-04-09,0.9566666666666668
2005-04-10,0.8470444444444445
2005-04-12,0.9115555555555556
2005-04-18,0.8756
2005-04-19,0.9208
2005-04-21,0.9270444444444444
2005-04-30,0.8484
2005-05-01,0.94575
2005-05-07,0.9548
2005-05-08,0.9482666666666666
2005-05-09,1.0285285714285717
2005-05-10,0.9094888888888888
2005-05-11,0.9556111111111112
2005-05-13,0.9363
2005-05-14,0.9559
2005-05-20,0.9445333333333332
2005-05-22,0.888
2005-05-29,0.4267
2005-05-31,0.3146777777777778
2005-06-02,0.2577222222222222
2005-06-03,0.3323833333333333
2005-06-06,0.2328555555555555
2005-06-13,0.2875888888888889
2005-06-14,0.3212555555555555
2005-06-16,0.3253555555555555
2005-06-21,0.4511444444444444
2005-06-22,0.4223666666666666
2005-06-24,0.3849888888888889
2005-06-28,0.4646333333333333
2005-06-29,0.3755666666666666
2005-06-30,0.3120777777777778
2005-07-04,0.1685444444444444
2005-07-05,0.2187666666666666
2005-07-09,-0.0011
2005-07-11,0.0033555555555555
2005-07-12,0.0014777777777777
2005-07-13,0.0017444444444444
2005-07-14,0.1626714285714285
2005-07-19,0.0011666666666666
2005-07-21,0.0120333333333333
2005-07-24,0.0029888888888888
2005-07-31,-0.0005333333333333
2005-08-08,0.0295666666666666
2005-08-15,-0.0008777777777777
2005-08-17,0.0489
2005-08-18,-0.0015
2005-08-19,0.0898
2005-08-20,0.0007111111111111
2005-08-21,0.0010111111111111
2005-08-22,-0.0007333333333333
2005-08-24,0.1197222222222222
2005-08-25,0.00245
2005-08-26,-0.0008666666666666
2005-08-27,0.0032666666666666
2005-08-28,-0.01
2005-08-29,0.0255
2005-08-30,0.0486
2005-09-03,0.0028222222222222
2005-09-07,0.0044555555555555
2005-09-11,-0.0037111111111111
2005-09-21,0.5074
2005-09-25,-0.0096888888888888
2005-10-02,0.0020888888888888
2005-10-04,0.0097166666666666
2005-10-06,0.0041444444444444
2005-10-17,0.0098111111111111
2005-10-21,0.0190666666666666
2005-10-26,0.0075666666666666
2005-10-27,0.0428888888888888
2005-10-28,0.0273888888888888
2005-10-30,0.0229555555555555
2005-11-02,0.0349666666666666
2005-11-08,0.0664
2005-11-13,0.1907166666666666
2005-11-21,0.3896222222222222
2005-11-23,0.0828
2005-11-24,0.1707166666666666
2005-11-25,0.1629
2005-12-01,0.0851
2005-12-02,0.2169333333333333
2005-12-03,0.4987111111111111
2005-12-05,0.5288555555555555
2005-12-07,0.4467285714285714
2005-12-08,0.5804333333333334
2005-12-10,0.5347222222222222
2005-12-14,0.0295
2005-12-15,0.3595333333333333
2005-12-19,0.5564888888888889
2005-12-26,0.369
2005-12-31,0.4482444444444444
2006-01-02,0.3866555555555556
2006-01-06,0.4272222222222222
2006-01-09,0.8591444444444444
2006-01-11,0.4993333333333333
2006-01-14,0.8961555555555556
2006-01-17,0.5113333333333333
2006-01-22,0.67925
2006-01-23,0.7983
2006-01-25,0.7904444444444445
2006-01-29,0.4629222222222222
2006-01-31,0.8010666666666667
2006-02-01,0.8724555555555555
2006-02-03,0.8265
2006-02-04,0.9095
2006-02-10,0.8336
2006-02-14,0.7782
2006-02-16,0.7324666666666666
2006-02-17,0.8992333333333333
2006-02-20,0.8392333333333334
2006-02-23,0.8934777777777778
2006-02-24,0.8419833333333333
2006-02-25,0.9286444444444444
2006-02-27,0.9234333333333332
2006-03-07,0.8554777777777778
2006-03-11,0.9087888888888888
2006-03-12,0.9244333333333332
2006-03-15,0.893
2006-03-16,0.8779666666666667
2006-03-17,0.9409
2006-03-19,0.9291
2006-03-20,0.8857333333333334
2006-03-21,0.9071777777777776
2006-03-22,0.8959777777777778
2006-03-24,0.9345888888888888
2006-03-25,0.8993
2006-03-28,0.9171666666666668
2006-03-29,0.8336
2006-03-30,0.9354111111111112
2006-03-31,0.9295888888888888
2006-04-02,0.9163333333333332
2006-04-06,0.8988111111111111
2006-04-09,0.9314
2006-04-12,0.9273666666666668
2006-04-13,0.9462666666666668
2006-04-14,0.9519777777777778
2006-04-19,0.911
2006-04-20,0.87285
2006-04-27,0.8650222222222222
2006-05-04,0.8876111111111111
2006-05-05,0.8691555555555556
2006-05-06,0.8584
2006-05-12,0.946
2006-05-13,0.8940888888888889
2006-05-20,0.8876444444444445
2006-06-02,0.7013555555555555
2006-06-08,0.2767777777777778
2006-06-09,0.2359444444444444
2006-06-10,0.3628444444444444
2006-06-13,0.3682444444444444
2006-06-14,0.3893444444444444
2006-06-16,0.4543888888888889
2006-06-17,0.4387777777777777
2006-06-18,0.3997222222222222
2006-06-19,0.3890666666666666
2006-06-22,0.7306
2006-06-23,0.2041142857142857
2006-06-24,0.1852666666666666
2006-06-25,0.1290333333333333
2006-06-28,-0.0003
2006-06-29,0.0146166666666666
2006-07-02,-0.0008333333333333
2006-07-03,0.0028666666666666
2006-07-04,0.0008888888888888
2006-07-06,0.0012666666666666
2006-07-07,-0.004175
2006-07-08,0.2349
2006-07-12,0.0013111111111111
2006-07-16,0.0240111111111111
2006-07-17,0.0009333333333333
2006-07-18,6.666666666666664e-05
2006-07-21,0.0025888888888888
2006-07-22,-0.0006444444444444
2006-07-23,0.0095666666666666
2006-07-24,0.0002888888888888
2006-07-30,-0.002225
2006-08-02,-0.0007333333333333
2006-08-03,-0.0065111111111111
2006-08-04,0.0057111111111111
2006-08-05,0.0018888888888888
2006-08-06,0.0021777777777777
2006-08-08,-0.0017666666666666
2006-08-09,-0.0014888888888888
2006-08-18,0.0018888888888888
2006-08-19,0.0031333333333333
2006-08-24,0.0327666666666666
2006-08-29,0.0031777777777777
2006-08-31,0.0077444444444444
2006-09-02,-0.0005888888888888
2006-09-03,-0.0023888888888888
2006-09-08,0.0002777777777777
2006-09-09,-0.0059111111111111
2006-09-10,0.0204888888888888
2006-09-11,0.0012
2006-09-18,0.0039222222222222
2006-09-20,0.0059
2006-09-23,0.0021555555555555
2006-10-04,0.0040333333333333
2006-10-18,0.0468285714285714
2006-10-24,0.00665
2006-10-31,0.0553
2006-11-07,0.0501125
2006-11-11,0.0432333333333333
2006-11-15,0.0942833333333333
2006-11-18,0.04035
2006-11-23,0.2154666666666666
2006-11-24,0.2628
2006-11-26,0.4799
2006-11-27,0.5706222222222223
2006-11-28,0.6767666666666666
2006-11-29,0.5573444444444444
2006-11-30,0.6661
2006-12-01,0.6564222222222222
2006-12-02,0.6578222222222222
2006-12-03,0.7944222222222221
2006-12-10,0.4102777777777778
2006-12-11,0.2964111111111111
2006-12-13,0.4421666666666666
2006-12-18,0.4628777777777778
2006-12-22,0.5500333333333333
2006-12-27,0.5331333333333333
2006-12-31,0.4128166666666666
2007-01-03,0.5665444444444444
2007-01-10,0.8994333333333333
2007-01-14,0.5768777777777777
2007-01-16,0.8152555555555555
2007-01-19,0.8479555555555556
2007-01-23,0.8632571428571428
2007-02-01,0.7880222222222222
2007-02-03,0.7987625
2007-02-10,0.3064555555555555
2007-02-14,0.8355777777777778
2007-02-21,0.9190625
2007-02-22,0.8577666666666667
2007-02-28,0.8322888888888889
2007-03-01,0.9195888888888888
2007-03-12,0.9003777777777777
2007-03-16,0.6738833333333334
2007-03-23,0.9424
2007-03-30,0.939
2007-04-01,0.8420124999999999
2007-04-07,0.9192888888888888
2007-04-08,0.8858666666666667
2007-04-09,0.9156666666666666
2007-04-10,0.8916555555555555
2007-04-11,0.9070333333333334
2007-04-12,0.8750222222222223
2007-04-15,0.8797222222222222
2007-04-19,0.8943
2007-04-23,0.9104666666666666
2007-04-24,0.9235666666666666
2007-04-25,0.9496222222222224
2007-05-09,0.9034
2007-05-10,0.9408666666666666
2007-05-12,0.9356
2007-05-14,0.9468333333333332
2007-05-15,0.9262111111111112
2007-05-17,0.9580333333333332
2007-05-18,0.9117
2007-05-19,0.9317333333333332
2007-05-21,0.9384666666666668
2007-05-26,0.9244444444444444
2007-05-28,0.8891111111111111
2007-05-29,0.9045555555555556
2007-06-11,0.6827666666666666
2007-06-16,0.3641777777777777
2007-06-17,0.3170777777777778
2007-06-22,0.2558666666666667
2007-06-25,0.2970111111111111
2007-06-26,0.4263625
2007-06-27,0.2894125
2007-06-29,0.3713333333333333
2007-06-30,0.3762333333333333
2007-07-01,0.2758666666666666
2007-07-02,0.6313111111111112
2007-07-04,0.3015222222222222
2007-07-05,0.2551111111111111
2007-07-09,0.2985
2007-07-10,0.1654444444444444
2007-07-11,0.0028777777777777
2007-07-12,0.0014111111111111
2007-07-13,0.4941833333333333
2007-07-14,-0.0020444444444444
2007-07-15,-0.0001222222222222
2007-07-18,0.2592111111111111
2007-07-19,0.0031444444444444
2007-07-22,0.2456444444444444
2007-07-23,0.00025
2007-07-24,0.1946285714285714
2007-07-27,0.0107142857142857
2007-07-30,0.0015888888888888
2007-07-31,-0.0030333333333333
2007-08-03,-0.0021
2007-08-04,0.0025666666666666
2007-08-06,0.1988
2007-08-07,0.0346875
2007-08-09,0.003
2007-08-13,0.0007444444444444
2007-08-14,0.0067666666666666
2007-08-21,0.19595
2007-08-26,0.0015249999999999
2007-08-27,0.0279333333333333
2007-08-29,0.0026777777777777
2007-09-03,0.0037666666666666
2007-09-04,0.0027888888888888
2007-09-08,0.0025222222222222
2007-09-11,0.0647
2007-09-15,0.0540666666666666
2007-09-18,0.0075
2007-09-28,0.0013
2007-09-30,0.2008222222222222
2007-10-06,0.0089666666666666
2007-10-08,0.0787
2007-10-09,0.3565666666666666
2007-10-10,0.0254333333333333
2007-10-15,0.0293
2007-10-26,0.0644111111111111
2007-10-27,0.0326222222222222
2007-10-30,0.0516222222222222
2007-11-05,0.0648
2007-11-06,0.1903
2007-11-07,0.0308111111111111
2007-11-13,0.1649
2007-11-18,0.2991666666666667
2007-11-19,0.5331666666666667
2007-11-20,0.4289333333333333
2007-11-21,0.5701888888888889
2007-11-22,0.6673
2007-11-24,0.52695
2007-11-27,0.8419
2007-11-28,0.751211111111111
2007-11-29,0.9085888888888888
2007-11-30,0.7644111111111112
2007-12-02,0.8013111111111111
2007-12-06,0.4772111111111111
2007-12-09,0.5468666666666666
2007-12-16,0.5213555555555556
2007-12-21,0.5387
2007-12-25,0.5060777777777777
2007-12-30,0.5472
2008-01-01,0.5005888888888889
2008-01-13,0.9037111111111112
2008-02-02,0.8428222222222223
2008-02-09,0.6816625000000001
2008-02-15,0.8273888888888888
2008-02-16,0.9007333333333334
2008-02-18,0.8738
2008-02-19,0.8370666666666666
2008-02-23,0.7489
2008-02-27,0.8429777777777778
2008-03-08,0.8838333333333334
2008-03-14,1.0375
2008-03-18,0.9609333333333332
2008-03-20,0.885
2008-03-21,0.9006666666666667
2008-03-28,0.9283888888888888
2008-03-30,0.8860444444444444
2008-04-07,0.8381333333333333
2008-04-09,0.9357666666666666
2008-04-10,0.9408
2008-04-13,0.9373777777777778
2008-04-14,0.9519
2008-04-15,0.9223
2008-04-17,0.8753
2008-04-19,0.9216888888888888
2008-04-20,0.8971
2008-04-21,0.8878
2008-04-24,0.9239
2008-04-25,0.8980777777777779
2008-04-26,0.9273777777777776
2008-04-27,0.9725666666666668
2008-04-28,0.9142777777777776
2008-04-29,0.9370111111111112
2008-04-30,0.9294333333333332
2008-05-01,0.89655
2008-05-04,0.9299222222222222
2008-05-26,0.6574555555555556
2008-06-04,0.5415555555555556
2008-06-05,0.4491666666666666
2008-06-07,0.2064444444444444
2008-06-09,0.2760111111111111
2008-06-10,0.25945
2008-06-11,0.2586666666666666
2008-06-13,0.3578444444444444
2008-06-14,0.3017166666666667
2008-06-15,0.2563111111111111
2008-06-16,0.3128111111111111
2008-06-17,0.3920666666666667
2008-06-18,0.6003555555555555
2008-06-19,0.4580777777777778
2008-06-20,0.3544777777777778
2008-06-22,0.5577
2008-06-25,0.451
2008-06-27,0.3068888888888889
2008-06-29,0.3355333333333333
2008-07-01,0.1931
2008-07-02,0.0045222222222222
2008-07-03,-0.0014
2008-07-05,0.0033888888888888
2008-07-07,0.0031777777777777
2008-07-09,-0.00115
2008-07-10,0.0031888888888888
2008-07-11,0.0022444444444444
2008-07-13,0.0033222222222222
2008-07-14,0.0016666666666666
2008-07-15,0.1025
2008-07-17,0.0010444444444444
2008-07-18,-0.0006
2008-07-19,0.0015
2008-07-20,0.0007666666666666
2008-07-21,0.0030888888888888
2008-07-22,0.0031
2008-07-23,0.0041111111111111
2008-07-27,-0.0026857142857142
2008-07-28,0.0034
2008-07-30,0.0026222222222222
2008-07-31,0.0006777777777777
2008-08-01,0.0006666666666666
2008-08-07,0.0049333333333333
2008-08-08,0.0688125
2008-08-10,0.0222857142857142
2008-08-11,-0.0048666666666666
2008-08-16,0.0022333333333333
2008-08-17,0.03275
2008-08-18,0.0031444444444444
2008-08-21,0.0013444444444444
2008-08-22,-0.0050333333333333
2008-08-23,-0.0017111111111111
2008-08-29,0.11845
2008-08-30,-0.0012777777777777
2008-08-31,-0.0028
2008-09-01,0.0115777777777777
2008-09-10,0.0128285714285714
2008-09-12,0.0238666666666666
2008-09-16,0.1245666666666666
2008-09-20,0.0085833333333333
2008-09-21,0.0055111111111111
2008-09-22,0.0035
2008-10-05,0.0073555555555555
2008-10-06,0.0060222222222222
2008-10-12,0.0016888888888888
2008-10-15,0.0435833333333333
2008-10-17,0.0434333333333333
2008-10-28,0.0489
2008-10-31,0.0416444444444444
2008-11-01,0.0601333333333333
2008-11-04,0.1235333333333333
2008-11-07,0.0436
2008-11-12,0.1455666666666666
2008-11-13,0.1253
2008-11-14,0.09
2008-11-15,0.1676333333333333
2008-11-16,0.1878888888888888
2008-11-17,0.2991
2008-11-19,0.2309333333333333
2008-11-20,0.2608
2008-11-21,0.4071777777777778
2008-11-26,0.7376555555555556
2008-11-29,0.2220333333333333
2008-12-01,0.7814333333333333
2008-12-02,0.7937166666666666
2008-12-03,0.6687333333333334
2008-12-04,0.8116888888888889
2008-12-05,0.8183222222222222
2008-12-06,0.4594777777777777
2008-12-25,0.5190666666666667
2008-12-27,0.3935333333333333
2008-12-29,0.4360555555555556
2009-01-01,0.5222
2009-01-03,0.6435444444444445
2009-01-05,0.4357666666666667
2009-01-08,0.5842166666666666
2009-01-24,0.5038
2009-01-25,0.6900857142857143
2009-01-26,0.8427333333333333
2009-01-27,0.8866125
2009-01-28,0.8390888888888889
2009-01-29,0.851
2009-01-30,0.5678333333333333
2009-02-02,0.8414
2009-02-03,0.8924111111111112
2009-02-06,0.8016
2009-02-08,0.8118888888888889
2009-02-13,0.8482888888888889
2009-02-16,0.8685222222222222
2009-02-17,0.8385555555555555
2009-02-22,0.9824
2009-02-26,0.8271
2009-03-02,0.8819222222222222
2009-03-04,0.9261
2009-03-17,0.9258
2009-03-24,0.9151222222222224
2009-03-25,0.5195666666666666
2009-03-27,0.9071333333333332
2009-03-30,0.8876666666666667
2009-03-31,0.9457777777777778
2009-04-01,0.9106333333333334
2009-04-02,0.9377888888888888
2009-04-03,0.9102666666666668
2009-04-05,0.9277444444444444
2009-04-09,0.9322777777777778
2009-04-10,0.9472
2009-04-12,0.9500777777777778
2009-04-14,0.9463444444444444
2009-04-23,0.9401111111111112
2009-04-24,0.919
2009-04-25,0.9741111111111111
2009-04-26,0.9468666666666666
2009-05-04,0.9158444444444443
2009-05-11,0.84875
2009-05-12,0.9355333333333332
2009-05-14,0.9964666666666666
2009-05-15,0.9353888888888888
2009-05-16,0.9835666666666668
2009-05-17,0.9351555555555556
2009-06-06,0.7127333333333333
2009-06-07,0.7758888888888889
2009-06-09,0.4662111111111111
2009-06-10,0.4631444444444444
2009-06-12,0.2857111111111111
2009-06-16,0.4291
2009-06-17,0.3131888888888889
2009-06-18,0.3804333333333333
2009-06-19,0.4208333333333333
2009-06-21,0.3911
2009-06-22,0.4224111111111111
2009-06-24,0.4404555555555555
2009-06-27,0.4671777777777777
2009-06-28,0.4485222222222222
2009-06-29,0.438675
2009-06-30,0.3479875
2009-07-01,0.4102333333333333
2009-07-02,0.3802
2009-07-03,0.3700888888888889
2009-07-05,0.3464777777777778
2009-07-06,0.3486444444444444
2009-07-08,0.2965666666666666
2009-07-12,0.0132875
2009-07-13,0.0487
2009-07-14,0.0019666666666666
2009-07-16,5.555555555555553e-05
2009-07-17,-0.0024444444444444
2009-07-18,0.1871888888888889
2009-07-21,0.0001888888888888
2009-07-26,-0.0005333333333333
2009-07-28,0.0229
2009-08-03,0.0043625
2009-08-04,-0.0002555555555555
2009-08-05,0.0008555555555555
2009-08-07,0.0009111111111111
2009-08-09,0.0039222222222222
2009-08-10,-0.0030555555555555
2009-08-12,0.052025
2009-08-13,0.0002875
2009-08-15,0.0013555555555555
2009-08-17,0.0019111111111111
2009-08-19,-0.0036166666666666
2009-08-23,0.0003222222222222
2009-08-24,0.0023111111111111
2009-08-25,0.0011666666666666
2009-08-27,0.0021666666666666
2009-08-28,0.0007777777777777
2009-08-31,-0.0002333333333333
2009-09-01,0.0094
2009-09-06,0.0084444444444444
2009-09-11,0.0225222222222222
2009-09-17,0.0034222222222222
2009-09-19,-0.0005444444444444
2009-09-20,0.0014111111111111
2009-09-24,0.5657
2009-09-26,0.0041125
2009-09-28,0.2696
2009-10-14,0.0304444444444444
2009-10-18,0.0035777777777777
2009-10-28,0.0512
2009-11-01,0.1368
2009-11-03,0.0403222222222222
2009-11-04,0.0914333333333333
2009-11-05,0.0828
2009-11-12,0.05
2009-11-17,0.0596166666666666
2009-11-21,0.1347555555555555
2009-12-01,0.6278
2009-12-02,0.3531666666666667
2009-12-03,0.3791333333333333
2009-12-07,0.4882666666666667
2009-12-08,0.4505714285714285
2009-12-10,0.4739
2009-12-14,0.3186888888888889
2009-12-19,0.5456111111111112
2009-12-21,0.5522333333333332
2009-12-28,0.4979333333333333
2009-12-30,0.4089222222222222
2010-01-06,0.8891888888888889
2010-01-07,0.6232666666666666
2010-01-08,0.6249666666666667
2010-01-10,0.8428
2010-01-15,0.8292222222222222
2010-01-17,0.4285222222222222
2010-01-19,0.5997444444444444
2010-01-20,0.8635555555555555
2010-01-21,0.9692888888888888
2010-02-03,0.8931333333333333
2010-02-04,0.8252333333333334
2010-02-05,0.8173888888888889
2010-02-09,0.7059666666666666
2010-02-10,0.9309777777777778
2010-02-11,0.7717
2010-02-12,0.7166666666666667
2010-02-15,0.8679222222222223
2010-02-16,0.8601444444444444
2010-03-04,0.8834111111111111
2010-03-06,0.9769
2010-03-07,0.9123888888888888
2010-03-10,0.9091222222222224
2010-03-11,0.9613222222222222
2010-03-15,0.7946
2010-03-17,0.89815
2010-03-23,0.8966
2010-03-24,0.8971
2010-03-27,0.9223444444444444
2010-03-28,0.9448
2010-03-29,0.9542444444444445
2010-04-06,0.9267888888888888
2010-04-07,0.9308
2010-04-09,0.9462555555555556
2010-04-10,0.9634666666666668
2010-04-11,0.9651888888888888
2010-04-12,0.9183222222222224
2010-04-13,0.9395777777777776
2010-04-15,0.9275444444444444
2010-04-18,0.9082333333333332
2010-05-02,0.9152
2010-05-03,0.9115222222222222
2010-05-06,0.8777666666666667
2010-05-07,0.9283777777777776
2010-05-09,0.9042777777777776
2010-05-13,0.8980222222222222
2010-05-14,0.9184444444444444
2010-05-15,0.9108777777777778
2010-05-20,0.8783333333333333
2010-05-25,0.9213
2010-05-29,0.9106333333333332
2010-05-30,0.9333333333333332
2010-05-31,0.9121666666666668
2010-06-03,0.8272333333333334
2010-06-05,0.8196125
2010-06-07,0.7809
2010-06-08,0.7174111111111111
2010-06-09,0.6788
2010-06-11,0.4262666666666666
2010-06-12,0.2783666666666667
2010-06-13,0.2809111111111111
2010-06-16,0.3777222222222222
2010-06-24,0.5596
2010-06-25,0.4424666666666667
2010-06-26,0.4243333333333333
2010-06-27,0.3944
2010-06-29,0.3776888888888889
2010-07-11,0.001625
2010-07-12,0.0013777777777777
2010-07-16,0.1478222222222222
2010-07-17,0.0002666666666666
2010-07-18,0.0018777777777777
2010-07-19,0.0031888888888888
2010-07-23,0.0053333333333333
2010-07-24,0.0009777777777777
2010-07-27,-0.0022888888888888
2010-07-28,0.0019888888888888
2010-07-29,-0.0003333333333333
2010-08-01,0.0017222222222222
2010-08-02,0.0086166666666666
2010-08-03,0.0003888888888888
2010-08-05,0.0071111111111111
2010-08-07,0.0009555555555555
2010-08-08,0.0001111111111111
2010-08-10,-0.0010444444444444
2010-08-11,0.0715222222222222
2010-08-22,0.0357
2010-08-23,-0.0015
2010-08-27,0.0010444444444444
2010-08-30,0.0024666666666666
2010-08-31,0.0001333333333333
2010-09-03,-0.0007666666666666
2010-09-04,0.0031
2010-09-05,0.0018888888888888
2010-09-06,0.1028
2010-09-07,0.0004111111111111
2010-09-08,0.0005555555555555
2010-09-13,0.0040888888888888
2010-09-19,-0.0075777777777777
2010-09-23,0.0032444444444444
2010-09-24,0.0018111111111111
2010-10-01,0.0094888888888888
2010-10-02,0.0048333333333333
2010-10-03,0.0044222222222222
2010-10-04,0.1646
2010-10-08,0.0464222222222222
2010-11-01,0.0301444444444444
2010-11-04,0.0514777777777777
2010-11-06,0.0278
2010-11-16,0.0669222222222222
2010-11-24,0.3457555555555555
2010-11-28,0.5302333333333333
2010-11-29,0.4706222222222222
2010-11-30,0.5362555555555556
2010-12-01,0.5101222222222223
2010-12-02,0.583911111111111
2010-12-04,0.5739333333333333
2010-12-05,0.4227
2010-12-07,0.4652
2010-12-12,0.4568555555555555
2010-12-15,0.5859333333333333
2010-12-22,0.4463125
2010-12-24,0.5263
2010-12-29,0.7254333333333334
2011-01-02,0.4036333333333333
2011-01-05,0.8366666666666667
2011-01-09,0.2731555555555555
2011-01-16,0.4915666666666666
2011-01-18,0.8745
2011-01-20,0.8196777777777777
2011-01-27,0.9089428571428572
2011-02-01,0.7303111111111111
2011-02-04,0.8201444444444445
2011-02-06,0.8835
2011-02-08,0.8468166666666667
2011-02-12,0.8313555555555555
2011-02-14,0.6499833333333334
2011-02-16,0.8029
2011-02-17,0.5953666666666666
2011-02-18,0.8267666666666666
2011-02-19,0.8943222222222222
2011-02-26,0.8054333333333333
2011-02-28,0.9961
2011-03-02,0.9065142857142856
2011-03-07,0.9062555555555556
2011-03-17,0.8923375
2011-03-20,0.8944142857142857
2011-03-22,0.941
2011-03-23,0.9066444444444444
2011-03-24,0.8925
2011-03-26,0.9358222222222222
2011-04-04,0.9392333333333334
2011-04-06,0.8113666666666667
2011-04-08,0.9265
2011-04-09,0.772
2011-04-11,0.9562555555555556
2011-04-14,0.9076555555555555
2011-04-15,0.9384777777777776
2011-04-16,0.920025
2011-04-17,0.9292
2011-04-21,0.92
2011-04-22,0.9406
2011-04-24,1.0016666666666667
2011-04-26,0.9340666666666668
2011-04-27,0.8763
2011-04-28,0.7685166666666667
2011-04-29,0.9519555555555556
2011-04-30,0.9342833333333334
2011-05-01,0.9303888888888888
2011-05-02,0.9151
2011-05-03,0.9433111111111112
2011-05-04,0.8700444444444445
2011-05-06,1.00035
2011-05-07,0.9481111111111112
2011-05-10,0.9597222222222224
2011-05-13,0.9682555555555556
2011-05-14,0.9670111111111112
2011-05-18,0.9737666666666668
2011-05-19,0.9437333333333332
2011-05-20,0.9504555555555556
2011-05-21,0.9155888888888888
2011-05-24,0.9427777777777778
2011-05-25,0.9483833333333334
2011-06-02,0.5471
2011-06-08,0.4927222222222222
2011-06-11,0.3588555555555555
2011-06-12,0.3055777777777778
2011-06-15,0.2761111111111111
2011-06-17,0.3232222222222222
2011-06-18,0.3071
2011-06-19,0.3865666666666666
2011-06-20,0.4177555555555555
2011-06-22,0.4109777777777778
2011-06-23,0.4707555555555555
2011-06-24,0.4679444444444444
2011-06-25,0.4385
2011-06-27,0.1499777777777777
2011-06-28,0.3595111111111111
2011-06-29,0.3151333333333333
2011-06-30,0.3140555555555556
2011-07-04,0.0040555555555555
2011-07-06,0.0103333333333333
2011-07-07,0.0037666666666666
2011-07-08,0.0067555555555555
2011-07-10,0.0028444444444444
2011-07-13,0.1524333333333333
2011-07-14,-0.0024285714285714
2011-07-15,0.0974
2011-07-16,0.0030777777777777
2011-07-18,-2.22222222222222e-05
2011-07-19,0.0020666666666666
2011-07-20,0.0028
2011-07-21,0.0003888888888888
2011-07-22,0.10055
2011-07-23,0.0171
2011-07-24,0.0010333333333333
2011-07-26,0.0025888888888888
2011-07-27,0.1357
2011-08-06,0.0006555555555555
2011-08-07,0.0051
2011-08-12,0.0020777777777777
2011-08-13,-0.0002
2011-08-15,-0.0017555555555555
2011-08-21,-0.0005555555555555
2011-08-25,0.0011
2011-08-30,0.0019888888888888
2011-09-01,0.0038444444444444
2011-09-19,0.0059
2011-09-23,0.0055777777777777
2011-09-24,-0.0051888888888888
2011-09-25,0.0224555555555555
2011-09-26,0.0036
2011-10-01,0.2411
2011-10-02,0.0086555555555555
2011-10-04,0.0076777777777777
2011-10-10,0.0048111111111111
2011-10-18,0.0219
2011-10-22,0.0093777777777777
2011-10-23,0.0208777777777777
2011-10-24,0.0098444444444444
2011-10-28,0.2586333333333333
2011-11-11,0.0416555555555555
2011-11-14,0.0569888888888888
2011-11-15,0.2483857142857143
2011-11-21,0.4013111111111111
2011-11-22,0.5297999999999999
2011-11-28,0.7214833333333333
2011-12-01,0.18925
2011-12-02,0.1985666666666666
2011-12-03,0.6529375
2011-12-04,0.5831
2011-12-05,0.70955
2011-12-08,0.5039666666666667
2011-12-09,0.5212666666666667
2011-12-11,0.5340555555555556
2011-12-15,0.0341666666666666
2011-12-16,0.5667888888888889
2011-12-18,0.5529777777777778
2011-12-20,0.5634777777777777
2011-12-27,0.5006
2012-01-01,0.3835222222222222
2012-01-10,0.9155222222222222
2012-01-12,0.8568
2012-01-15,0.7434
2012-01-19,0.7320555555555556
2012-01-20,0.502211111111111
2012-01-28,0.8467444444444444
2012-01-30,0.7936333333333333
2012-02-01,0.8331555555555555
2012-02-03,0.5374
2012-02-04,0.8281555555555555
2012-02-06,0.8443833333333333
2012-02-07,0.8813333333333333
2012-02-11,0.8782222222222222
2012-02-12,0.5587888888888889
2012-02-16,0.742625
2012-02-17,0.8519166666666667
2012-02-20,0.8774222222222222
2012-03-07,0.8329
2012-03-09,0.8932555555555556
2012-03-12,0.8802666666666666
2012-03-15,0.8734
2012-03-16,0.9117142857142856
2012-03-22,0.9699
2012-03-23,0.9326777777777776
2012-03-24,0.9522888888888889
2012-03-25,0.9340888888888887
2012-03-26,0.8661555555555556
2012-03-27,0.9141
2012-03-28,0.9311111111111112
2012-03-29,0.9415777777777778
2012-03-30,0.9403
2012-03-31,0.9539666666666666
2012-04-01,0.9568555555555556
2012-04-04,0.9589888888888888
2012-04-06,1.0235
2012-04-10,0.9367
2012-04-12,0.9355111111111112
2012-04-13,0.9434777777777776
2012-04-14,0.9455777777777776
2012-04-15,0.948
2012-04-16,0.9340111111111112
2012-04-17,0.9422
2012-04-18,0.8850111111111111
2012-04-19,0.9372777777777778
2012-04-20,0.9398777777777778
2012-04-21,0.93
2012-04-25,0.9474666666666668
2012-04-26,0.9344333333333332
2012-04-27,0.9344888888888888
2012-05-02,0.8901444444444445
2012-05-03,0.9013777777777776
2012-05-04,0.9185666666666666
2012-05-05,0.9127333333333332
2012-05-06,0.9142444444444444
2012-05-07,0.9102444444444444
2012-05-08,0.8641222222222222
2012-05-19,0.9045
2012-05-26,0.8567
2012-06-03,0.7402888888888889
2012-06-06,0.392
2012-06-08,0.3503444444444444
2012-06-11,0.1871444444444444
2012-06-13,0.2292111111111111
2012-06-14,0.1699
2012-06-15,0.2463444444444444
2012-06-16,0.2148666666666666
2012-06-17,0.4067555555555555
2012-06-19,0.4309666666666666
2012-06-20,0.4982888888888889
2012-06-24,0.2167333333333333
2012-06-25,0.2961999999999999
2012-06-27,0.5066333333333333
2012-07-01,0.0242
2012-07-02,0.0014777777777777
2012-07-04,-0.0010333333333333
2012-07-07,0.0028222222222222
2012-07-08,-0.0005
2012-07-09,0.0026999999999999
2012-07-10,0.1123333333333333
2012-07-16,0.2002571428571428
2012-07-17,0.0024888888888888
2012-07-29,0.0014333333333333
2012-08-03,-0.003425
2012-08-04,-0.0005555555555555
2012-08-06,0.0027444444444444
2012-08-07,0.0169
2012-08-08,0.0028444444444444
2012-08-19,-0.0004333333333333
2012-08-22,0.0008777777777777
2012-08-23,-0.0008
2012-08-27,-0.0024333333333333
2012-08-29,0.0029
2012-08-30,0.0037111111111111
2012-09-02,0.0006777777777777
2012-09-03,0.01565
2012-09-05,0.0049666666666666
2012-09-08,0.0019555555555555
2012-09-10,0.0019222222222222
2012-09-11,0.0958555555555555
2012-09-16,0.0100777777777777
2012-09-22,0.0052888888888888
2012-09-24,0.0024555555555555
2012-09-25,0.0047888888888888
2012-09-28,0.0014555555555555
2012-10-01,0.112
2012-10-02,0.0066444444444444
2012-10-03,0.0269777777777777
2012-10-09,0.0050333333333333
2012-10-11,0.0039777777777777
2012-10-13,-0.0082333333333333
2012-10-14,0.0093777777777777
2012-10-16,0.4112111111111111
2012-10-18,0.0347888888888888
2012-10-27,0.0580111111111111
2012-11-03,0.0657
2012-11-05,0.183175
2012-11-11,0.0392111111111111
2012-11-14,0.1229
2012-11-16,0.1226
2012-11-17,0.5160333333333333
2012-11-20,0.5585
2012-11-22,0.0835
2012-11-23,0.3264111111111111
2012-11-24,0.3401444444444444
2012-11-25,0.5507222222222222
2012-11-26,0.6496444444444445
2012-11-27,0.5911555555555555
2012-11-28,0.6074666666666667
2012-11-29,0.4962999999999999
2012-11-30,0.6505666666666666
2012-12-01,0.7106777777777777
2012-12-02,0.7250111111111112
2012-12-03,0.8006333333333333
2012-12-04,0.7027666666666667
2012-12-05,0.5096777777777778
2012-12-11,0.5381777777777778
2012-12-13,0.5467444444444445
2012-12-20,0.6233555555555556
2012-12-29,0.4508999999999999
2012-12-31,0.5100444444444444
2013-01-02,0.5331777777777778
2013-01-04,0.0456
2013-01-05,0.8918444444444444
2013-01-07,0.8674666666666667
2013-01-09,0.858
2013-01-10,0.8886000000000001
2013-01-12,0.8608666666666667
2013-01-13,0.5758777777777778
2013-01-14,0.7621
2013-01-16,0.8168555555555556
2013-01-20,0.6290571428571429
2013-01-25,0.8432999999999999
2013-01-30,0.8263111111111111
2013-02-01,0.819
2013-02-02,0.6888833333333333
2013-02-03,0.8534
2013-02-06,0.8484555555555555
2013-02-10,0.8270555555555555
2013-02-13,0.8512555555555555
2013-02-14,0.902
2013-02-15,0.8506666666666667
2013-02-19,0.8974
2013-02-22,0.9163111111111112
2013-02-26,0.8523555555555555
2013-03-02,0.7217777777777777
2013-03-03,0.8053125
2013-03-04,0.9351
2013-03-05,0.9677
2013-03-11,0.9428125
2013-03-12,0.9130125
2013-03-14,0.9153714285714284
2013-03-15,0.8116666666666666
2013-03-17,0.84145
2013-03-19,0.8013444444444444
2013-03-21,0.9092142857142858
2013-03-27,0.9375666666666668
2013-03-31,0.9291777777777778
2013-04-01,0.9230555555555556
2013-04-02,0.8828555555555555
2013-04-10,0.9248888888888888
2013-04-12,0.8635584447118971
2013-04-13,0.9632333333333334
2013-04-15,0.9289777777777778
2013-04-16,0.9371
2013-04-17,0.9319888888888888
2013-04-18,0.9342888888888888
2013-04-19,0.9239777777777778
2013-04-20,0.9321777777777778
2013-04-21,0.9291
2013-04-22,0.912
2013-04-23,0.9414666666666668
2013-04-24,0.9366444444444444
2013-04-27,0.9380777777777778
2013-05-01,0.9400555555555556
2013-05-02,0.9607111111111112
2013-05-08,0.9446222222222224
2013-05-09,0.9619111111111112
2013-05-21,0.8989794444701251
2013-05-22,0.9237111111111111
2013-05-23,0.8962666666666667
2013-05-24,0.9093
2013-05-26,0.8551444444444445
2013-05-27,0.8726666666666667
2013-06-01,0.8317777777777778
2013-06-02,0.7996444444444445
2013-06-04,0.7263888888888889
2013-06-05,0.5844
2013-06-06,0.377696322022544
2013-06-07,0.3162333333333333
2013-06-08,0.3319888888888889
2013-06-09,0.4899
2013-06-10,0.2905111111111111
2013-06-11,0.3671999999999999
2013-06-12,0.3228333333333333
2013-06-13,0.3259222222222222
2013-06-14,0.3740444444444444
2013-06-15,0.4450108952946133
2013-06-16,0.5960111111111112
2013-06-17,0.5191666666666667
2013-06-18,0.3487666666666666
2013-06-20,0.4382666666666667
2013-06-21,0.3992333333333333
2013-06-22,0.3360093688673443
2013-06-23,0.3737777777777777
2013-06-26,0.303
2013-06-27,0.3374333333333333
2013-06-28,0.3298666666666666
2013-06-29,0.297
2013-06-30,0.2266333333333333
2013-07-01,0.1926
2013-07-06,0.0015777777777777
2013-07-07,0.0014444444444444
2013-07-09,0.5351
2013-07-11,0.0026888888888888
2013-07-17,0.0332495056248628
2013-07-19,0.0034222222222222
2013-07-22,0.0019111111111111
2013-07-24,0.0024625
2013-07-25,0.0019333333333333
2013-07-26,0.0024111111111111
2013-07-27,0.0015
2013-07-29,0.2574111111111111
2013-07-30,-0.0026333333333333
2013-08-02,0.0181696066711787
2013-08-03,0.0009222222222222
2013-08-04,0.0023666666666666
2013-08-07,0.0022666666666666
2013-08-08,0.0025777777777777
2013-08-09,0.0728975757956504
2013-08-10,0.0012111111111111
2013-08-11,0.0020666666666666
2013-08-12,0.0005222222222222
2013-08-14,0.0007
2013-08-15,0.0003333333333333
2013-08-17,-0.0016666666666666
2013-08-18,0.0192364187451424
2013-08-21,0.0016888888888888
2013-08-22,0.0081999999999999
2013-08-23,-0.01
2013-08-27,-0.0027333333333333
2013-08-29,0.0049777777777777
2013-08-30,0.0031666666666666
2013-09-01,-0.0004444444444444
2013-09-04,0.0024222222222222
2013-09-07,0.0144666666666666
2013-09-12,0.0015
2013-09-15,0.0046555555555555
2013-09-22,0.0047222222222222
2013-09-23,0.0084222222222222
2013-10-14,0.0294
2013-10-15,0.0078111111111111
2013-10-17,0.1065
2013-10-18,0.023
2013-10-24,0.0681666666666666
2013-10-28,0.0656727819780508
2013-11-02,0.0377888888888888
2013-11-10,0.1301888888888888
2013-11-13,0.2059004068374633
2013-11-15,0.2844777777777778
2013-11-16,0.2750333333333333
2013-11-17,0.4662111111111111
2013-11-18,0.5741888888888889
2013-11-19,0.5581
2013-11-20,0.4353777777777778
2013-11-21,0.6074222222222222
2013-11-22,0.5685388744283606
2013-11-23,0.6227777777777778
2013-11-25,0.6752555555555556
2013-11-26,0.6319777777777777
2013-11-27,0.7568166666666667
2013-11-28,0.6929888888888889
2013-11-29,0.6981783319102394
2013-11-30,0.7269777777777778
2013-12-01,0.7939
2013-12-02,0.7220777777777778
2013-12-03,0.8822333333333333
2013-12-04,0.7593222222222222
2013-12-06,0.4307333333333333
2013-12-07,0.5793222222222223
2013-12-14,0.6412
2013-12-21,0.5784555555555556
2014-01-01,0.4823111111111111
2014-01-03,0.5906555555555556
2014-01-04,0.5557444444444445
2014-01-05,0.2992
2014-01-10,0.878
2014-01-12,0.6658777777777778
2014-01-14,0.5991666666666666
2014-01-15,0.7021111111111111
2014-01-17,0.7516
2014-01-19,0.8014
2014-01-21,0.3974222222222222
2014-01-25,0.6484904620382521
2014-01-26,0.5323333333333333
2014-01-28,0.7769111111111111
2014-01-31,0.3564222222222222
2014-02-01,0.5515411297480265
2014-02-03,0.3869888888888889
2014-02-04,0.8212444444444444
2014-02-06,0.7268444444444444
2014-02-09,0.8291875
2014-02-10,0.6935810878223843
2014-02-11,0.6581285714285714
2014-02-13,0.9065
2014-02-15,0.8446888888888889
2014-02-17,0.7855125864346822
2014-02-18,0.8544888888888889
2014-02-19,0.882675
2014-02-20,0.8330777777777778
2014-03-04,0.8809777777777777
2014-03-06,0.8644777777777778
2014-03-07,0.8943
2014-03-08,0.8966857142857143
2014-03-13,0.8608
2014-03-14,0.7576806843280792
2014-03-15,0.8619666666666667
2014-03-17,0.8781888888888889
2014-03-18,0.8852222222222222
2014-03-20,0.8236
2014-03-21,0.8114496933089362
2014-03-22,0.8781333333333333
2014-03-24,0.8696
2014-03-26,0.8735999999999999
2014-03-29,0.8989
2014-03-30,0.8198124435212877
2014-03-31,0.8796666666666667
2014-04-01,0.8832222222222222
2014-04-02,0.9198833333333334
2014-04-04,0.9233333333333332
2014-04-06,0.7373066502443949
2014-04-07,0.8910888888888888
2014-04-08,0.9047888888888888
2014-04-15,0.8325627118261237
2014-04-17,0.8917888888888889
2014-04-18,0.8869555555555555
2014-04-19,0.8826111111111111
2014-04-20,0.9012
2014-04-21,0.9256714285714286
2014-04-23,0.8969222222222222
2014-04-24,0.8877777777777778
2014-04-26,0.8688
2014-05-24,0.6878979116916657
2014-05-26,0.6177888888888888
2014-05-27,0.5080111111111111
2014-05-28,0.4566111111111111
2014-05-29,0.3582
2014-06-02,0.5174971653355492
2014-06-04,0.5359
2014-06-10,0.3141888888888889
2014-06-11,0.2572444444444444
2014-06-12,0.3202333333333333
2014-06-13,0.3008333333333333
2014-06-14,0.4632666666666666
2014-06-15,0.4651333333333333
2014-06-17,0.4893
2014-06-18,0.5005468511493117
2014-06-20,0.4468111111111111
2014-06-21,0.5310222222222222
2014-06-22,0.4535222222222222
2014-06-23,0.4422
2014-06-25,0.3805945214695401
2014-06-26,0.3862666666666666
2014-06-28,0.465125
2014-06-30,0.1015333333333333
2014-07-01,0.0176
2014-07-02,0.0017625
2014-07-04,0.0502657420001924
2014-07-05,0.0017111111111111
2014-07-06,0.0302
2014-07-07,0.1577333333333333
2014-07-09,0.0010111111111111
2014-07-13,0.0030555555555555
2014-07-14,-0.0021666666666666
2014-07-18,0.0379857142857142
2014-07-22,0.0002777777777777
2014-07-23,0.0536
2014-07-24,0.0028333333333333
2014-07-25,-0.0018333333333333
2014-07-26,-0.0017333333333333
2014-07-28,-0.0004555555555555
2014-07-29,-0.01
2014-07-30,0.0053166666666666
2014-07-31,-0.0067333333333333
2014-08-02,0.0015
2014-08-04,0.0539666666666666
2014-08-05,0.0171335355925339
2014-08-08,-0.0007555555555555
2014-08-18,0.0803166666666666
2014-08-24,-0.0013777777777777
2014-08-25,0.0026333333333333
2014-08-26,-0.0022111111111111
2014-08-31,0.0008888888888888
2014-09-03,0.0032777777777777
2014-09-04,-0.0007555555555555
2014-09-13,0.0232891518200145
2014-09-16,0.0127444444444444
2014-09-22,0.0242768615839657
2014-09-26,0.0061555555555555
2014-09-27,0.0007999999999999
2014-09-28,0.0042333333333333
2014-10-30,0.0328666666666666
2014-10-31,0.1900342785649829
2014-11-05,0.055175
2014-11-06,0.0474111111111111
2014-11-11,0.0522571428571428
2014-11-12,0.2198
2014-11-14,0.0942111111111111
2014-11-15,0.2057714285714285
2014-11-16,0.3506807519329918
2014-11-17,0.2227
2014-11-19,0.3918444444444444
2014-11-21,0.7103555555555555
2014-11-22,0.5696444444444444
2014-11-23,0.5979666666666666
2014-11-24,0.5730666666666666
2014-11-25,0.5273611655023362
2014-11-27,0.7230777777777777
2014-11-28,0.5163111111111112
2014-11-29,0.6179888888888889
2014-12-01,0.549225
2014-12-02,0.533341752158271
2014-12-03,0.6786888888888889
2014-12-05,0.7417888888888888
2014-12-07,0.4244333333333333
2014-12-08,0.7474
2014-12-11,0.53197357389662
2014-12-19,0.6098666666666667
2014-12-28,0.4255555555555556
2015-01-02,0.5905666666666667
2015-01-04,0.5670999999999999
2015-01-06,0.5540555555555555
2015-01-07,0.6180375
2015-01-11,0.8230555555555555
2015-01-12,0.6557514071464539
2015-01-13,0.8548444444444445
2015-01-14,0.7485333333333333
2015-01-16,0.8588222222222223
2015-01-17,0.8102
2015-01-18,0.8395333333333334
2015-01-19,0.669317987230089
2015-01-29,0.8322333333333333
2015-02-02,0.8226833333333333
2015-02-04,0.8279666666666666
2015-02-06,0.8050625
2015-02-07,0.8387888888888889
2015-02-09,0.8103333333333333
2015-02-11,0.7875
2015-02-13,0.7933571428571429
2015-02-14,0.8365166666666667
2015-02-18,0.8375555555555556
2015-02-19,1.027
2015-02-20,0.738388431523641
2015-02-21,0.882
2015-02-24,0.8605166666666667
2015-02-26,0.9258
2015-03-08,0.7269832359419929
2015-03-11,0.8856777777777778
2015-03-20,0.9715
2015-03-21,0.8795111111111111
2015-03-25,0.8571
2015-03-29,0.9313
2015-04-01,0.9048222222222222
2015-04-02,0.8506934576564364
2015-04-06,0.9277666666666666
2015-04-08,0.9452666666666668
2015-04-09,0.8478136195076836
2015-04-18,0.8413705825805664
2015-04-20,0.7025333333333333
2015-04-23,0.8164666666666667
2015-04-26,0.9367444444444444
2015-05-05,0.9119333333333332
2015-05-06,0.9052
2015-05-07,0.886125
2015-05-09,0.8337888888888889
2015-05-10,0.9029666666666668
2015-05-11,0.8466485169463688
2015-05-12,0.8903333333333333
2015-05-15,0.8586555555555555
2015-05-18,0.8234444444444444
2015-05-20,0.7681987074781347
2015-05-21,0.7949999999999999
2015-05-23,0.7593222222222222
2015-06-01,0.64375
2015-06-05,0.4496288994948069
2015-06-13,0.281125
2015-06-15,0.4458666666666667
2015-06-19,0.1968
2015-06-21,0.3302116217851639
2015-06-22,0.3358444444444444
2015-06-25,0.3129666666666666
2015-06-26,0.2939555555555556
2015-06-28,0.3567218654261695
2015-06-29,0.2771
2015-06-30,0.3343
2015-07-01,0.273875
2015-07-03,0.2329444444444444
2015-07-04,0.2187444444444444
2015-07-06,0.3105666666666666
2015-07-10,0.0026555555555555
2015-07-11,-0.0003111111111111
2015-07-14,0.018047565406892
2015-07-15,0.0030111111111111
2015-07-17,0.0049444444444444
2015-07-18,0.0199833333333333
2015-07-22,0.0182
2015-07-28,-0.0043625
2015-08-05,0.0003111111111111
2015-08-06,0.0022111111111111
2015-08-07,0.0009777777777777
2015-08-08,-0.0067333333333333
2015-08-10,0.0017444444444444
2015-08-14,0.0026222222222222
2015-08-15,-0.01
2015-08-16,0.0979
2015-08-19,-0.00985
2015-08-28,-0.0046777777777777
2015-08-29,0.0007222222222222
2015-08-30,0.0359428571428571
2015-09-07,0.0024111111111111
2015-09-08,-0.0039333333333333
2015-09-09,0.0613444466143846
2015-09-11,0.0024888888888888
2015-09-16,0.0322824264334307
2015-09-26,0.009
2015-09-30,-0.0068888888888888
2015-10-01,0.0042666666666666
2015-10-02,0.3541422900226381
2015-10-07,0.0049222222222222
2015-10-08,0.0070111111111111
2015-10-10,0.3762333333333333
2015-10-13,0.1143
2015-10-15,0.0188666666666666
2015-10-17,0.0123777777777777
2015-10-20,0.0205111111111111
2015-10-25,0.0243111111111111
2015-10-26,0.0327777777777777
2015-10-27,0.1348069065080748
2015-11-08,0.4389
2015-11-10,0.1974111111111111
2015-11-12,0.0728331272351114
2015-11-13,0.1194
2015-11-19,0.1901
2015-11-20,0.2518875
2015-11-21,0.3891111111111111
2015-11-24,0.6647666666666667
2015-11-26,0.7085333333333333
2015-11-27,0.6152444444444445
2015-11-28,0.5591560792410816
2015-12-01,0.5238333333333334
2015-12-04,0.8303222222222222
2015-12-08,0.6111
2015-12-10,0.4615
2015-12-13,0.4020375
2015-12-20,0.5621333333333334
2015-12-29,0.5217125
2015-12-31,0.5440222222222222
2016-01-02,0.5769
2016-01-04,0.6184444444444445
2016-01-05,0.4939444444444444
2016-01-07,0.9329111111111112
2016-01-10,0.7794
2016-01-14,0.8469888888888889
2016-01-18,0.8035666666666667
2016-01-19,0.8547222222222222
2016-01-22,0.7010437382592095
2016-01-23,0.8326333333333333
2016-01-25,0.7990222222222222
2016-01-27,0.8273111111111111
2016-01-29,0.8445
2016-01-30,0.8813555555555556
2016-01-31,0.8245666666666667
2016-02-06,0.8324777777777778
2016-02-07,0.5931222222222222
2016-02-08,0.8206
2016-02-09,0.8107222222222222
2016-02-16,0.8183148304621378
2016-02-17,0.8792222222222222
2016-03-01,0.9286888888888888
2016-03-04,0.8969333333333334
2016-03-05,0.8922
2016-03-06,0.8846571428571428
2016-03-09,0.8617555555555556
2016-03-10,0.8813
2016-03-14,0.8877111111111111
2016-03-15,0.8796222222222222
2016-03-17,0.8155
2016-03-22,0.9096666666666668
2016-03-24,0.9021
2016-03-26,0.8745402249760098
2016-03-27,0.9137
2016-03-28,0.9507222222222222
2016-03-29,0.8237666666666666
2016-04-04,0.9058666666666668
2016-04-05,0.9148111111111112
2016-04-09,0.8887222222222222
2016-04-10,0.9293166666666668
2016-04-11,0.8805770995140075
2016-04-12,0.9274444444444444
2016-04-14,0.8588
2016-04-16,0.9144222222222222
2016-04-21,0.9499
2016-04-23,0.9258111111111113
2016-04-25,0.9243555555555556
2016-04-27,0.8784093587345547
2016-04-30,0.9244444444444444
2016-05-02,0.9066777777777778
2016-05-03,0.9043444444444444
2016-05-05,0.9101
2016-05-06,0.8746097054746416
2016-05-13,0.8068436317973666
2016-05-14,0.8345888888888889
2016-05-17,0.857625
2016-05-19,0.7975428571428571
2016-05-21,0.7283555555555555
2016-05-22,0.6754507884166858
2016-05-27,0.7031555555555555
2016-06-08,0.6933444444444444
2016-06-09,0.6144666666666666
2016-06-10,0.5454777777777777
2016-06-11,0.4047
2016-06-12,0.3382777777777778
2016-06-15,0.3093333333333333
2016-06-17,0.4251833333333333
2016-06-19,0.3103166666666667
2016-06-22,0.5307
2016-06-23,0.4010580683831815
2016-06-24,0.3692888888888889
2016-06-25,0.3775111111111111
2016-06-26,0.3535333333333333
2016-06-28,0.2924571428571428
2016-06-29,0.2264444444444444
2016-07-01,0.1776444444444444
2016-07-03,0.0001777777777777
2016-07-06,0.0021222222222222
2016-07-07,-0.0003555555555555
2016-07-08,0.0005444444444444
2016-07-09,0.0170250384132067
2016-07-10,0.1438
2016-07-11,-0.0007444444444444
2016-07-12,-0.0008444444444444
2016-07-13,-0.0056
2016-07-14,0.0019111111111111
2016-07-21,-6.666666666666667e-05
2016-07-22,-0.0019777777777777
2016-07-23,-0.0081
2016-07-24,-0.001425
2016-07-27,-0.0008666666666666
2016-07-29,0.0019666666666666
2016-07-30,-0.004525
2016-08-09,-0.0013
2016-08-10,0.0259312882061357
2016-08-11,-0.0010111111111111
2016-08-12,0.0025111111111111
2016-08-13,-0.0041444444444444
2016-08-14,0.0023333333333333
2016-08-15,0.0006222222222222
2016-08-16,-0.0019222222222222
2016-08-17,0.0149381131846043
2016-08-22,0.4892
2016-08-23,-0.0041666666666666
2016-08-24,0.0017666666666666
2016-08-30,-0.003825
2016-08-31,0.4200777777777777
2016-09-02,0.0152261761645476
2016-09-07,0.0001375
2016-09-08,-0.002
2016-09-10,0.0006555555555555
2016-09-12,0.0029555555555555
2016-09-14,0.0345666666666666
2016-09-21,0.0034111111111111
2016-09-22,0.0042
2016-09-24,0.0048444444444444
2016-09-27,0.025984713497206
2016-09-29,0.0019222222222222
2016-09-30,0.0035777777777777
2016-10-01,0.1267
2016-10-03,0.0055555555555555
2016-10-04,0.0784620372578501
2016-10-05,0.0687666666666666
2016-10-10,0.0118833333333333
2016-10-13,0.1467262431979179
2016-10-14,0.0057888888888888
2016-10-21,0.3055777777777778
2016-10-29,0.1222742715987894
2016-10-30,0.0239555555555555
2016-10-31,0.0356666666666666
2016-11-02,0.0272444444444444
2016-11-10,0.0283333333333333
2016-11-12,0.2824
2016-11-13,0.049675
2016-11-21,0.238139530022939
2016-11-23,0.0899777777777777
2016-12-02,0.5808888888888889
2016-12-05,0.2758777777777778
2016-12-07,0.396525
2016-12-08,0.1250666666666666
2016-12-22,0.5173444444444444
2016-12-24,0.5139555555555556
2016-12-29,0.5259222222222222
2017-01-02,0.5290888888888889
2017-01-07,0.7871444444444444
2017-01-09,0.78
2017-01-15,0.5498444444444445
2017-01-18,0.6960444444444445
2017-01-25,0.7810333333333334
2017-01-26,0.7488
2017-01-27,0.8013222222222223
2017-01-29,0.8136333333333333
2017-01-30,0.8012111111111111
2017-02-03,0.2953
2017-02-09,0.7948
2017-02-10,0.8007333333333333
2017-02-12,0.7334666666666667
2017-02-14,0.8223777777777778
2017-02-15,0.8712333333333333
2017-02-18,0.8965333333333334
2017-02-22,0.8448888888888889
2017-02-24,0.6159666666666667
2017-02-25,0.8226571428571429
2017-02-26,0.9505888888888888
2017-02-28,0.849725
2017-03-01,0.7318666666666667
2017-03-02,0.8377555555555556
2017-03-11,0.8087
2017-03-12,0.8066666666666666
2017-03-22,0.8202554119957818
2017-03-23,0.8813222222222222
2017-03-24,0.8572
2017-03-25,0.886975
2017-03-26,0.8210833333333333
2017-03-27,0.9140222222222224
2017-03-30,0.95515
2017-03-31,0.8856777777777778
2017-04-08,0.8878166666666667
2017-04-13,0.8973777777777777
2017-04-15,0.8940555555555556
2017-04-16,0.8585444444444444
2017-04-19,0.8930666666666667
2017-04-22,0.8798
2017-04-23,0.8419505291514926
2017-04-25,0.8828777777777778
2017-04-28,0.9042333333333332
2017-04-29,0.9098555555555556
2017-04-30,0.7913666666666667
2017-05-02,0.9170333333333334
2017-05-03,0.9300888888888889
2017-05-04,0.8744444444444445
2017-05-05,0.9079555555555556
2017-05-06,0.9334
2017-05-07,0.9179222222222222
2017-05-14,0.8025444444444444
2017-05-16,0.7809301514943441
2017-05-17,0.8063555555555556
2017-05-18,0.7955222222222222
2017-05-19,0.7514111111111111
2017-05-25,0.5085907131433487
2017-06-01,0.240178504274951
2017-06-06,0.2382
2017-06-08,0.4868285714285714
2017-06-10,0.6623025076512937
2017-06-12,0.6828888888888889
2017-06-13,0.6326
2017-06-16,0.4963222222222222
2017-06-17,0.5569412565284305
2017-06-18,0.6295
2017-06-19,0.4398
2017-06-20,0.5167111111111111
2017-06-23,0.4618857142857143
2017-06-24,0.4607888888888888
2017-06-26,0.3190353140234947
2017-06-27,0.2588333333333333
2017-06-28,0.10075
2017-06-29,0.1608666666666666
2017-06-30,0.0300666666666666
2017-07-01,-0.00425
2017-07-02,-0.0013555555555555
2017-07-03,0.0141364678331547
2017-07-06,0.0022555555555555
2017-07-08,-0.0015
2017-07-10,0.0009888888888888
2017-07-11,-0.0017
2017-07-16,-0.0020444444444444
2017-07-17,0.0023777777777777
2017-07-21,-0.0027444444444444
2017-07-22,-0.0044777777777777
2017-07-23,0.0027888888888888
2017-07-24,0.2581666666666666
2017-07-26,0.0014555555555555
2017-07-30,0.0004666666666666
2017-08-01,0.0622
2017-08-02,0.0426
2017-08-03,-0.0037555555555555
2017-08-04,0.0121793312614162
2017-08-09,-8.88888888888889e-05
2017-08-14,0.1745333333333333
2017-08-21,0.0238555555555555
2017-08-23,0.0215666666666666
2017-08-24,0.0481375
2017-08-25,0.0466333333333333
2017-08-26,0.0032555555555555
2017-08-27,0.2689
2017-08-28,-0.0022
2017-08-30,-0.0041888888888888
2017-08-31,0.0549
2017-09-05,0.0397159457206726
2017-09-09,0.0039888888888888
2017-09-15,-0.0026666666666666
2017-09-17,0.1904222222222222
2017-09-23,0.0049666666666666
2017-09-24,-0.0030333333333333
2017-09-25,0.0033222222222222
2017-09-26,0.0020111111111111
2017-09-30,0.0320756570590866
2017-10-10,0.0209
2017-10-15,0.0089111111111111
2017-10-16,0.3596088455782996
2017-10-24,0.03915
2017-10-29,0.0463666666666666
2017-10-31,0.0618666666666666
2017-11-01,0.075366975252827
2017-11-02,0.0454333333333333
2017-11-03,0.0612375
2017-11-04,0.0497555555555555
2017-11-08,0.3082932293415069
2017-11-09,0.3430875
2017-11-11,0.5032111111111112
2017-11-16,0.3351888888888888
2017-11-23,0.4245
2017-11-24,0.3263444444444444
2017-11-26,0.0991111111111111
2017-11-28,0.3191888888888889
2017-11-29,0.4056777777777778
2017-12-04,0.7886666666666666
2017-12-06,0.5293
2017-12-07,0.7579333333333333
2017-12-08,0.4831333333333333
2017-12-09,0.3932444444444444
2017-12-11,0.3375666666666667
2017-12-16,0.4886333333333333
2017-12-31,0.5233555555555556
2018-01-01,0.3617857142857142
2018-01-05,0.6404777777777778
2018-01-13,0.4773
2018-01-14,0.8253888888888888
2018-01-16,0.3994666666666667
2018-01-19,0.4815875
2018-01-20,0.5495417250527276
2018-01-21,0.8365888888888889
2018-01-27,0.8579333333333333
2018-01-29,0.6880111111111111
2018-01-30,0.8361777777777778
2018-02-02,0.8585333333333334
2018-02-03,0.6537555555555555
2018-02-04,0.8067000000000001
2018-02-06,0.8150777777777778
2018-02-12,0.7714704393121932
2018-02-25,0.9052
2018-03-02,0.9267
2018-03-03,0.8971222222222223
2018-03-04,0.8586444444444444
2018-03-06,0.9214555555555556
2018-03-12,0.9247444444444444
2018-03-14,0.9299
2018-03-16,0.9563666666666668
2018-03-17,0.9380111111111112
2018-03-18,0.9283666666666668
2018-03-19,0.8669666666666667
2018-03-22,0.9237
2018-03-23,0.941025
2018-03-28,0.8456333333333333
2018-03-30,0.8621333333333333
2018-04-02,0.9275333333333332
2018-04-04,0.9161666666666668
2018-04-07,0.9245666666666666
2018-04-09,0.9284333333333332
2018-04-11,0.9175222222222222
2018-04-13,0.9346
2018-04-15,0.9234111111111112
2018-04-16,0.9812777777777778
2018-04-17,0.8620580964618259
2018-04-19,0.9297444444444444
2018-04-20,0.8895
2018-04-23,0.9178
2018-04-24,0.8981222222222223
2018-04-25,0.9301888888888888
2018-04-26,0.8984410166740417
2018-04-27,0.8553
2018-04-29,0.9148222222222222
2018-04-30,0.9415888888888888
2018-05-01,0.9119333333333334
2018-05-03,0.8477389150195651
2018-05-04,0.9347
2018-05-05,0.9367222222222222
2018-05-10,0.9105666666666666
2018-05-11,0.8354
2018-05-18,0.8189111111111111
2018-05-21,0.8782333333333333
2018-05-30,0.8541333333333333
2018-06-01,0.8273555555555555
2018-06-02,0.7695555555555555
2018-06-04,0.7398176789283752
2018-06-08,0.6034999999999999
2018-06-09,0.5362777777777777
2018-06-10,0.3611
2018-06-11,0.2754
2018-06-12,0.2729777777777777
2018-06-13,0.2798659738417025
2018-06-14,0.2088333333333333
2018-06-15,0.2199111111111111
2018-06-17,0.7737833333333333
2018-06-19,0.2674888888888889
2018-06-21,0.2948
2018-06-22,0.3107
2018-06-23,0.3927333333333333
2018-06-25,0.2691888888888888
2018-06-26,0.4811333333333333
2018-06-27,0.5189555555555555
2018-06-29,0.4522409339745839
2018-06-30,0.4697
2018-07-01,0.461725
2018-07-03,0.4051333333333333
2018-07-04,0.3896666666666666
2018-07-05,0.3309555555555555
2018-07-06,0.2930879292753007
2018-07-08,0.0222666666666666
2018-07-09,0.0281333333333333
2018-07-10,0.006
2018-07-14,-0.0003333333333333
2018-07-15,0.0163617408561485
2018-07-20,0.0250333333333333
2018-07-23,0.0416666666666666
2018-07-24,-0.01
2018-07-25,0.0011222222222222
2018-07-26,-0.0024555555555555
2018-07-27,-0.0014375
2018-08-01,-0.0067555555555555
2018-08-06,-0.0013555555555555
2018-08-10,0.0035
2018-08-11,-0.01
2018-08-14,0.1196
2018-08-16,0.0230649759489756
2018-08-17,-0.009
2018-08-19,0.4210666666666667
2018-08-20,-0.0016222222222222
2018-08-28,-0.0063571428571428
2018-09-01,0.0187236444486512
2018-09-07,-0.0056
2018-09-08,0.0346691161394119
2018-09-13,0.1644
2018-09-14,0.0105714285714285
2018-09-15,0.0082111111111111
2018-09-23,-0.01
2018-09-24,0.0214198632154199
2018-10-04,0.0115333333333333
2018-10-10,0.0206159286028809
2018-10-11,0.0036555555555555
2018-10-14,-0.01
2018-10-16,0.0212666666666666
2018-10-21,0.257
2018-10-24,0.0228
2018-11-01,0.1475
2018-11-05,0.0384
2018-11-13,0.2353333333333333
2018-11-15,0.2766
2018-11-16,0.3783111111111111
2018-11-17,0.4799222222222222
2018-11-18,0.5873666666666667
2018-11-19,0.6010222222222222
2018-11-20,0.43629275053872
2018-11-21,0.629
2018-11-23,0.5379111111111111
2018-11-25,0.8661777777777778
2018-11-26,0.8274555555555556
2018-11-27,0.7412930264314016
2018-11-30,0.5373888888888889
2018-12-01,0.3279777777777777
2018-12-02,0.7737555555555555
2018-12-06,0.5166777777777778
2018-12-07,0.4740666666666666
2018-12-09,0.63005
2018-12-14,0.4715111111111111
2018-12-19,0.3095
2018-12-21,0.5369666666666667
2018-12-23,0.4819111111111111
2018-12-26,0.5648125
2018-12-28,0.6083333333333333
2018-12-30,0.5313
2019-01-03,0.5381111111111111
2019-01-07,0.5682499999999999
2019-01-08,0.8373777777777778
2019-01-10,0.9084
2019-01-11,0.5898555555555556
2019-01-14,0.6411178782582283
2019-01-16,0.6274
2019-01-17,0.8104666666666667
2019-01-21,0.8327
2019-01-22,0.6319333333333333
2019-01-23,0.8354
2019-01-30,0.7175761196348402
2019-02-05,0.86575
2019-02-06,0.8284444444444444
2019-02-07,0.8891666666666667
2019-02-08,0.7346432286050585
2019-02-09,0.8365428571428571
2019-02-13,0.8498714285714286
2019-02-16,0.8667555555555556
2019-02-25,0.8691
2019-03-01,0.6486222222222222
2019-03-03,0.7962333333333333
2019-03-04,0.8772333333333333
2019-03-06,0.9182285714285714
2019-03-07,0.8604428571428571
2019-03-08,0.7706222222222222
2019-03-09,0.8920444444444444
2019-03-10,0.8731777777777778
2019-03-13,0.8813
2019-03-19,0.8928222222222222
2019-04-03,0.9108
2019-04-04,0.8912
2019-04-06,0.8725
2019-04-08,0.8738
2019-04-09,0.9032
2019-04-10,0.8616
2019-04-18,0.8864555555555556
2019-04-20,0.8785350926717123
2019-04-22,0.9054111111111112
2019-04-25,0.8907
2019-04-27,0.8834444444444445
2019-04-29,0.8323049810197618
2019-04-30,0.8981555555555556
2019-05-03,0.837
2019-05-06,0.8144790728886923
2019-05-18,0.9152111111111112
2019-05-19,0.9197555555555555
2019-05-22,0.8592497526062859
2019-05-25,0.8991250000000001
2019-05-26,0.8872333333333333
2019-06-03,0.6951111111111111
2019-06-06,0.5073888888888889
2019-06-09,0.3965142857142857
2019-06-10,0.3093888888888889
2019-06-14,0.2671777777777778
2019-06-15,0.2743777777777778
2019-06-16,0.2764092302984661
2019-06-17,0.3386888888888889
2019-06-18,0.3123
2019-06-20,0.3026
2019-06-21,0.3162
2019-06-22,0.3920444444444445
2019-06-23,0.4106753305478529
2019-06-27,0.3570555555555555
2019-06-28,0.2629625
2019-07-07,0.2780222222222222
2019-07-08,0.2113
2019-07-11,0.3856
2019-07-13,-0.00605
2019-07-14,0.165675
2019-07-18,0.0182513348213755
2019-07-20,0.0048555555555555
2019-07-22,-0.01
2019-07-24,-0.0016625
2019-07-26,0.0031555555555555
2019-07-29,-0.0093333333333333
2019-08-02,-0.01
2019-08-08,-0.01
2019-08-20,-0.0076333333333333
2019-08-21,-0.0029222222222222
2019-08-22,-0.0096428571428571
2019-08-29,0.5216222222222222
2019-09-06,0.0606499999999999
2019-09-09,-0.01
2019-09-13,-0.0052666666666666
2019-09-18,-0.01
2019-09-20,0.0219758243969193
2019-10-05,-0.01
2019-10-09,-0.0011333333333333
2019-10-12,-0.0052
2019-10-22,0.0761396417187319
2019-10-23,0.0362888888888888
2019-10-25,0.0746888888888888
2019-10-30,0.0334666666666666
2019-11-06,0.0800333333333333
2019-11-09,0.1332333333333333
2019-11-11,0.2263666666666666
2019-11-14,0.1678948151575194
2019-11-17,0.1181
2019-11-18,0.3073333333333333
2019-11-21,0.3038
2019-11-23,0.3005694712625609
2019-11-24,0.3522444444444444
2019-11-26,0.5395
2019-11-28,0.4452
2019-11-30,0.3578863134213856
2019-12-01,0.3956
2019-12-03,0.8286555555555556
2019-12-04,0.4579222222222222
2019-12-05,0.5033666666666666
2019-12-08,0.7380222222222222
2019-12-15,0.4989222222222222
2019-12-17,0.5034444444444445
2019-12-24,0.6065777777777778
2020-01-02,0.36915
2020-01-07,0.8766222222222222
2020-01-09,0.8405333333333334
2020-01-10,0.7417
2020-01-11,0.8267333333333333
2020-01-13,0.3393333333333333
2020-01-14,0.8504222222222222
2020-01-15,0.9058666666666668
2020-01-16,0.5565
2020-01-17,0.7324380940861173
2020-01-18,0.9201
2020-01-19,0.4055
2020-01-22,0.7675333333333334
2020-01-24,0.4951222222222222
2020-01-27,0.8206333333333333
2020-02-04,0.856
2020-02-05,0.8911166666666667
2020-02-13,0.7606777777777778
2020-02-18,0.8340777777777778
2020-02-19,0.8778
2020-02-21,0.9021428571428572
2020-02-23,0.895
2020-02-26,0.8948
2020-02-27,0.9228291480647192
2020-03-03,0.8874666666666667
2020-03-13,0.9025555555555556
2020-03-19,0.9026555555555557
2020-03-20,0.9166888888888888
2020-03-22,1.048377777777778
2020-03-29,0.9117888888888888
2020-03-30,0.8622364666726854
2020-04-03,0.8836666666666667
2020-04-04,0.9167777777777778
2020-04-05,0.9182666666666668
2020-04-06,0.8863878939363692
2020-04-07,0.9002777777777777
2020-04-11,0.9327111111111112
2020-04-12,0.9537888888888888
2020-04-14,0.9209777777777778
2020-04-15,0.8762978710842133
2020-04-16,0.9198888888888888
2020-04-18,0.9497666666666666
2020-04-20,0.9011
2020-04-21,0.9244888888888888
2020-04-28,0.9471666666666668
2020-05-01,0.9031531401528252
2020-05-02,0.9364666666666668
2020-05-05,0.9475222222222224
2020-05-06,0.9526555555555556
2020-05-09,0.9383555555555556
2020-05-10,0.9038
2020-05-11,0.9487
2020-05-12,0.8828714285714286
2020-05-13,0.9360777777777778
2020-05-15,0.9433555555555556
2020-05-18,0.9219555555555556
2020-05-25,0.9461833333333334
2020-05-27,0.8889
2020-06-06,0.8385555555555555
2020-06-09,0.594851930363973
2020-06-11,0.6249333333333333
2020-06-12,0.5086666666666666
2020-06-13,0.4177333333333333
2020-06-14,0.3243555555555555
2020-06-15,0.2963111111111111
2020-06-17,0.3404555555555555
2020-06-18,0.3382854851634414
2020-06-19,0.3797333333333333
2020-06-20,0.3562777777777777
2020-06-21,0.4244222222222222
2020-06-22,0.4935
2020-06-23,0.4679222222222222
2020-06-24,0.5030666666666667
2020-06-27,0.3164444444444444
2020-06-29,0.3900333333333333
2020-06-30,0.3502555555555555
2020-07-01,0.3869333333333333
2020-07-02,0.3561777777777777
2020-07-03,0.3671666666666667
2020-07-04,0.3544494108623928
2020-07-05,0.3030333333333333
2020-07-06,0.2649111111111111
2020-07-08,0.0023111111111111
2020-07-11,0.0258316923346784
2020-07-12,0.1558999999999999
2020-07-15,-0.0009
2020-07-18,0.0022666666666666
2020-07-20,0.0166326989681632
2020-07-22,0.0009111111111111
2020-07-23,0.0012875
2020-07-24,-0.0035222222222222
2020-07-27,0.0141563149147173
2020-07-29,-0.0012111111111111
2020-08-01,-0.0016333333333333
2020-08-02,0.0084
2020-08-04,-0.0061
2020-08-11,-0.004475
2020-08-12,0.0127664254041181
2020-08-19,-0.0039111111111111
2020-08-23,-0.0094555555555555
2020-08-24,0.0035444444444444
2020-08-25,0.0002222222222222
2020-08-28,-0.0007333333333333
2020-08-30,0.0063666666666666
2020-09-02,0.0002749999999999
2020-09-12,0.0093333333333333
2020-09-13,0.0702047511935234
2020-09-14,0.0381
2020-09-24,0.0031
2020-09-27,0.0010555555555555
2020-09-30,0.1644
2020-10-01,-0.0094222222222222
2020-10-08,0.1249801442027092
2020-10-13,0.3773285714285714
2020-10-15,0.0231498595332398
2020-10-16,0.0391666666666666
2020-10-18,-0.01
2020-10-19,0.0796857142857142
2020-10-28,0.0871111111111111
2020-10-29,0.2849222222222222
2020-10-30,0.0384777777777777
2020-10-31,0.0500278353946076
2020-11-02,0.0545777777777777
2020-11-08,0.060875
2020-11-09,0.1756753027439117
2020-11-13,0.4337
2020-11-16,0.2048665955662727
2020-11-18,0.293
2020-11-19,0.6077
2020-11-21,0.4844111111111111
2020-11-24,0.5329666666666667
2020-11-29,0.5746333333333333
2020-12-02,0.5320666666666667
2020-12-03,0.7629111111111111
2020-12-08,0.4546333333333333
2020-12-11,0.5025827984015147
2020-12-19,0.5722666666666667
2020-12-30,0.5378
2021-01-02,0.5692222222222222
2021-01-16,0.8996000000000001
2021-01-19,0.675150990486145
2021-01-29,0.6621666666666667
2021-02-09,0.8477333333333333
2021-02-12,0.7677875
2021-02-13,0.7389444444444445
2021-02-15,0.8764
2021-02-16,0.4696888888888889
2021-02-18,0.8798111111111111
2021-02-20,0.838472410774231
2021-03-01,0.8018437095394841
2021-03-02,0.8750111111111111
2021-03-08,0.961943338314692
2021-03-11,0.8825999999999999
2021-03-13,0.8788
2021-03-16,0.8915666666666666
2021-03-17,0.8258113065560659
2021-03-19,0.8886222222222222
2021-03-24,0.8874555555555556
2021-03-25,0.9105555555555556
2021-03-27,0.8635666666666666
2021-03-29,0.8968777777777778
2021-04-01,0.9187555555555555
2021-04-04,0.8956555555555555
2021-04-07,0.9061555555555556
2021-04-11,0.9036
2021-04-12,0.9152428571428572
2021-04-17,0.9330111111111112
2021-04-19,0.9335111111111112
2021-04-24,0.9462333333333334
2021-04-28,0.933288888888889
2021-04-30,0.9317285714285716
2021-05-07,0.8989
2021-05-10,0.8862777777777778
2021-05-12,0.8875888888888889
2021-05-14,0.9672666666666668
2021-05-15,0.8937777777777778
2021-05-18,0.8687333333333334
2021-05-20,0.8570169058305246
2021-05-21,0.8737
2021-05-22,0.8951333333333333
2021-05-27,0.8383523147106171
2021-06-03,0.7411666666666668
2021-06-04,0.6368222222222222
2021-06-05,0.55881926773919
2021-06-09,0.3352
2021-06-10,0.3596555555555555
2021-06-11,0.4339111111111111
2021-06-12,0.4943264292346107
2021-06-13,0.5331555555555555
2021-06-16,0.5081111111111111
2021-06-17,0.4331
2021-06-22,0.5546
2021-06-29,0.3477111111111111
2021-06-30,0.3243555555555555
2021-07-01,0.2521222222222222
2021-07-02,-0.0005888888888888
2021-07-06,0.12235
2021-07-07,0.0297108741490613
2021-07-08,0.0014333333333333
2021-07-09,0.0995
2021-07-10,-0.0058111111111111
2021-07-13,0.0159222222222222
2021-07-14,0.0118780150512854
2021-07-17,0.0395
2021-07-18,-0.0015444444444444
2021-07-20,-0.005225
2021-07-21,-0.0006333333333333
2021-07-22,0.0013
2021-07-26,-6.666666666666667e-05
2021-08-04,0.0121666666666666
2021-08-06,0.0003999999999999
2021-08-14,0.0010888888888888
2021-08-16,-0.0050666666666666
2021-08-24,0.0302881054619183
2021-08-25,0.0022888888888888
2021-08-26,-0.0003777777777777
2021-08-27,0.0046333333333333
2021-08-28,0.0001
2021-08-29,0.0030111111111111
2021-09-05,-0.0022333333333333
2021-09-12,0.0007222222222222
2021-09-21,0.0068
2021-10-05,-0.01
2021-10-08,0.0081888888888888
2021-10-09,0.0055777777777777
2021-10-13,0.0070333333333333
2021-10-24,0.0072666666666666
2021-11-02,0.0251111111111111
2021-11-10,0.0907
2021-11-12,0.0794988969405492
2021-11-13,0.0456333333333333
2021-11-15,0.3507
2021-11-18,0.0455111111111111
2021-11-24,0.2105111111111111
2021-11-26,0.1555666666666666
2021-11-28,0.1978762199481328
2021-12-02,0.2886888888888889
2021-12-04,0.2822888888888889
2021-12-06,0.3700333333333333
2021-12-07,0.7815666666666667
2021-12-08,0.4106666666666667
2021-12-10,0.3156
2021-12-11,0.4634
2021-12-13,0.4047888888888888
2021-12-14,0.2281469702720642
2021-12-29,0.3828222222222222
2021-12-31,0.4156222222222222
